label	comparison1	comparison2	braycurtis	thetayc	thetayc_lci	thetayc_hci	sharedsobs	sharedchao
0.03	SRR7309272	SRR7309273	0.406429	0.177511	0.174106	0.180916	34.000000	34.000000
0.03	SRR7309272	SRR7309274	0.241625	0.067977	0.065754	0.070200	41.000000	42.200001
0.03	SRR7309273	SRR7309274	0.341267	0.166830	0.162770	0.170890	25.000000	25.000000
0.03	SRR7309272	SRR7309275	0.991246	0.998080	0.997861	0.998299	13.000000	13.000000
0.03	SRR7309273	SRR7309275	0.765951	0.846165	0.843392	0.848939	12.000000	12.000000
0.03	SRR7309274	SRR7309275	0.992908	0.998142	0.997934	0.998349	12.000000	12.000000
0.03	SRR7309272	SRR7309276	0.990983	0.999540	0.999476	0.999604	17.000000	17.000000
0.03	SRR7309273	SRR7309276	0.814941	0.976554	0.975977	0.977132	13.000000	13.000000
0.03	SRR7309274	SRR7309276	0.991940	0.999556	0.999493	0.999620	16.000000	16.000000
0.03	SRR7309275	SRR7309276	0.793782	0.908276	0.906431	0.910120	11.000000	11.000000
0.03	SRR7309272	SRR7309277	0.990383	0.999746	0.999689	0.999803	20.000000	20.500000
0.03	SRR7309273	SRR7309277	0.928809	0.992813	0.992543	0.993082	15.000000	15.000000
0.03	SRR7309274	SRR7309277	0.992098	0.999792	0.999738	0.999847	17.000000	17.000000
0.03	SRR7309275	SRR7309277	0.927557	0.975489	0.974605	0.976373	11.000000	11.000000
0.03	SRR7309276	SRR7309277	0.909386	0.992895	0.992580	0.993210	19.000000	19.000000
0.03	SRR7309272	SRR7309278	0.989404	0.999287	0.999188	0.999385	27.000000	27.333334
0.03	SRR7309273	SRR7309278	0.818592	0.961856	0.960905	0.962807	21.000000	21.000000
0.03	SRR7309274	SRR7309278	0.991393	0.999377	0.999284	0.999470	22.000000	22.000000
0.03	SRR7309275	SRR7309278	0.792582	0.867885	0.865216	0.870554	13.000000	13.000000
0.03	SRR7309276	SRR7309278	0.798422	0.978256	0.977709	0.978802	20.000000	20.000000
0.03	SRR7309277	SRR7309278	0.907186	0.991851	0.991587	0.992116	32.000000	32.000000
0.03	SRR7309272	SRR7309279	0.988973	0.998033	0.997834	0.998233	22.000000	22.500000
0.03	SRR7309273	SRR7309279	0.766351	0.853445	0.850612	0.856277	16.000000	16.000000
0.03	SRR7309274	SRR7309279	0.991393	0.998276	0.998095	0.998456	21.000000	21.000000
0.03	SRR7309275	SRR7309279	0.439236	0.274905	0.269402	0.280407	14.000000	14.000000
0.03	SRR7309276	SRR7309279	0.767929	0.919508	0.917849	0.921166	22.000000	22.000000
0.03	SRR7309277	SRR7309279	0.902915	0.972938	0.972090	0.973786	26.000000	26.000000
0.03	SRR7309278	SRR7309279	0.668908	0.823668	0.820222	0.827114	35.000000	35.000000
0.03	SRR7309272	SRR7309281	0.981965	0.997720	0.997447	0.997992	84.000000	88.269234
0.03	SRR7309273	SRR7309281	0.810785	0.917916	0.916059	0.919774	45.000000	46.500000
0.03	SRR7309274	SRR7309281	0.905976	0.964468	0.963506	0.965430	56.000000	56.000000
0.03	SRR7309275	SRR7309281	0.928672	0.963072	0.961832	0.964312	16.000000	16.000000
0.03	SRR7309276	SRR7309281	0.926010	0.993480	0.993249	0.993711	21.000000	21.000000
0.03	SRR7309277	SRR7309281	0.935638	0.997474	0.997356	0.997591	26.000000	26.000000
0.03	SRR7309278	SRR7309281	0.922696	0.987491	0.987054	0.987929	31.000000	32.000000
0.03	SRR7309279	SRR7309281	0.916130	0.956900	0.955501	0.958300	28.000000	28.000000
0.03	SRR7309272	SRR7309282	0.987847	0.999207	0.999107	0.999306	37.000000	37.166668
0.03	SRR7309273	SRR7309282	0.709112	0.885827	0.883654	0.888000	20.000000	20.000000
0.03	SRR7309274	SRR7309282	0.921454	0.965609	0.964672	0.966546	31.000000	31.000000
0.03	SRR7309275	SRR7309282	0.761069	0.838295	0.835353	0.841237	13.000000	13.000000
0.03	SRR7309276	SRR7309282	0.790520	0.974443	0.973829	0.975057	19.000000	19.000000
0.03	SRR7309277	SRR7309282	0.908975	0.991115	0.990822	0.991408	18.000000	18.000000
0.03	SRR7309278	SRR7309282	0.784091	0.953470	0.952356	0.954584	23.000000	23.000000
0.03	SRR7309279	SRR7309282	0.719160	0.823295	0.819941	0.826649	23.000000	23.000000
0.03	SRR7309281	SRR7309282	0.432786	0.103520	0.100917	0.106122	49.000000	52.000000
0.03	SRR7309272	SRR7309283	0.980829	0.990755	0.990175	0.991334	27.000000	28.500000
0.03	SRR7309273	SRR7309283	0.730934	0.893782	0.891667	0.895897	19.000000	19.000000
0.03	SRR7309274	SRR7309283	0.963910	0.989695	0.989127	0.990264	22.000000	22.000000
0.03	SRR7309275	SRR7309283	0.609533	0.613989	0.608891	0.619088	14.000000	14.000000
0.03	SRR7309276	SRR7309283	0.780608	0.949331	0.948207	0.950454	19.000000	19.000000
0.03	SRR7309277	SRR7309283	0.914257	0.983903	0.983345	0.984461	21.000000	21.000000
0.03	SRR7309278	SRR7309283	0.780913	0.898199	0.895954	0.900443	21.000000	21.000000
0.03	SRR7309279	SRR7309283	0.538500	0.530637	0.524415	0.536860	24.000000	24.000000
0.03	SRR7309281	SRR7309283	0.855703	0.928869	0.927090	0.930649	39.000000	39.000000
0.03	SRR7309282	SRR7309283	0.727504	0.868422	0.865836	0.871008	27.000000	27.000000
0.03	SRR7309272	SRR7309284	0.978051	0.993363	0.992979	0.993747	43.000000	43.333332
0.03	SRR7309273	SRR7309284	0.959554	0.991594	0.991217	0.991971	25.000000	25.000000
0.03	SRR7309274	SRR7309284	0.950779	0.992553	0.992151	0.992954	35.000000	35.000000
0.03	SRR7309275	SRR7309284	0.977767	0.992054	0.991631	0.992477	14.000000	14.000000
0.03	SRR7309276	SRR7309284	0.972832	0.996218	0.995955	0.996482	18.000000	18.000000
0.03	SRR7309277	SRR7309284	0.975642	0.999582	0.999557	0.999606	22.000000	22.000000
0.03	SRR7309278	SRR7309284	0.973359	0.998187	0.998087	0.998287	28.000000	28.000000
0.03	SRR7309279	SRR7309284	0.972885	0.993569	0.993237	0.993901	25.000000	25.000000
0.03	SRR7309281	SRR7309284	0.948632	0.997309	0.997123	0.997494	56.000000	59.333332
0.03	SRR7309282	SRR7309284	0.952031	0.995314	0.995056	0.995571	39.000000	39.000000
0.03	SRR7309283	SRR7309284	0.954787	0.995602	0.995382	0.995822	30.000000	30.000000
0.03	SRR7309272	SRR7309285	0.988384	0.999585	0.999518	0.999652	25.000000	25.000000
0.03	SRR7309273	SRR7309285	0.842277	0.981626	0.981138	0.982113	18.000000	18.000000
0.03	SRR7309274	SRR7309285	0.967203	0.985712	0.985115	0.986309	23.000000	23.000000
0.03	SRR7309275	SRR7309285	0.833302	0.930465	0.928900	0.932030	14.000000	14.000000
0.03	SRR7309276	SRR7309285	0.829798	0.987870	0.987538	0.988202	20.000000	20.000000
0.03	SRR7309277	SRR7309285	0.916951	0.996184	0.996051	0.996318	23.000000	23.000000
0.03	SRR7309278	SRR7309285	0.828041	0.982651	0.982186	0.983115	24.000000	24.000000
0.03	SRR7309279	SRR7309285	0.807460	0.937350	0.935930	0.938770	25.000000	25.000000
0.03	SRR7309281	SRR7309285	0.904219	0.980914	0.980132	0.981696	34.000000	35.000000
0.03	SRR7309282	SRR7309285	0.817950	0.977958	0.977378	0.978537	25.000000	25.000000
0.03	SRR7309283	SRR7309285	0.820760	0.960388	0.959428	0.961349	24.000000	24.000000
0.03	SRR7309284	SRR7309285	0.940699	0.985887	0.985330	0.986445	27.000000	27.000000
0.03	SRR7309272	SRR7309286	0.994308	0.999662	0.999606	0.999718	14.000000	14.000000
0.03	SRR7309273	SRR7309286	0.870455	0.981717	0.981244	0.982190	12.000000	12.000000
0.03	SRR7309274	SRR7309286	0.993371	0.999597	0.999529	0.999664	17.000000	17.000000
0.03	SRR7309275	SRR7309286	0.869129	0.926732	0.925181	0.928284	10.000000	10.000000
0.03	SRR7309276	SRR7309286	0.873295	0.988378	0.988059	0.988698	12.000000	12.000000
0.03	SRR7309277	SRR7309286	0.963447	0.996440	0.996266	0.996614	10.000000	10.000000
0.03	SRR7309278	SRR7309286	0.873138	0.983960	0.983497	0.984423	14.000000	14.000000
0.03	SRR7309279	SRR7309286	0.862521	0.939465	0.938125	0.940805	14.000000	14.000000
0.03	SRR7309281	SRR7309286	0.954093	0.995386	0.995205	0.995567	20.000000	20.000000
0.03	SRR7309282	SRR7309286	0.851747	0.968923	0.968083	0.969762	14.000000	14.000000
0.03	SRR7309283	SRR7309286	0.864657	0.957636	0.956641	0.958630	12.000000	12.000000
0.03	SRR7309284	SRR7309286	0.971380	0.992969	0.992593	0.993344	14.000000	14.000000
0.03	SRR7309285	SRR7309286	0.877809	0.984781	0.984281	0.985281	16.000000	16.000000
0.03	SRR7309272	SRR7309287	0.233828	0.113427	0.108939	0.117914	29.000000	31.000000
0.03	SRR7309273	SRR7309287	0.396886	0.327723	0.323148	0.332299	18.000000	18.000000
0.03	SRR7309274	SRR7309287	0.383744	0.284223	0.279210	0.289236	27.000000	27.000000
0.03	SRR7309275	SRR7309287	0.982397	0.991606	0.991111	0.992100	12.000000	12.000000
0.03	SRR7309276	SRR7309287	0.981860	0.998487	0.998391	0.998584	16.000000	16.000000
0.03	SRR7309277	SRR7309287	0.981471	0.999474	0.999417	0.999531	16.000000	16.000000
0.03	SRR7309278	SRR7309287	0.980208	0.997730	0.997583	0.997877	20.000000	20.000000
0.03	SRR7309279	SRR7309287	0.979356	0.992345	0.991904	0.992787	20.000000	20.000000
0.03	SRR7309281	SRR7309287	0.969266	0.994133	0.993742	0.994524	32.000000	32.500000
0.03	SRR7309282	SRR7309287	0.972212	0.994017	0.993675	0.994359	25.000000	25.000000
0.03	SRR7309283	SRR7309287	0.964910	0.987303	0.986704	0.987902	24.000000	24.000000
0.03	SRR7309284	SRR7309287	0.958891	0.994119	0.993790	0.994447	26.000000	26.000000
0.03	SRR7309285	SRR7309287	0.972917	0.995363	0.995036	0.995690	21.000000	21.000000
0.03	SRR7309286	SRR7309287	0.982492	0.997551	0.997345	0.997756	13.000000	13.000000
0.03	SRR7309272	SRR7309288	0.975936	0.992049	0.991586	0.992513	55.000000	56.500000
0.03	SRR7309273	SRR7309288	0.885017	0.982944	0.982401	0.983487	30.000000	31.000000
0.03	SRR7309274	SRR7309288	0.887689	0.972933	0.972130	0.973736	49.000000	53.500000
0.03	SRR7309275	SRR7309288	0.980229	0.995026	0.994667	0.995385	14.000000	14.000000
0.03	SRR7309276	SRR7309288	0.971696	0.998703	0.998598	0.998808	22.000000	22.000000
0.03	SRR7309277	SRR7309288	0.976589	0.999582	0.999558	0.999605	26.000000	26.000000
0.03	SRR7309278	SRR7309288	0.975263	0.998310	0.998195	0.998424	30.000000	30.000000
0.03	SRR7309279	SRR7309288	0.973443	0.994716	0.994397	0.995036	27.000000	27.000000
0.03	SRR7309281	SRR7309288	0.839404	0.926919	0.925269	0.928570	91.000000	94.583336
0.03	SRR7309282	SRR7309288	0.849790	0.937484	0.936042	0.938925	52.000000	53.000000
0.03	SRR7309283	SRR7309288	0.929377	0.993208	0.992930	0.993486	37.000000	37.000000
0.03	SRR7309284	SRR7309288	0.916372	0.980006	0.979306	0.980705	64.000000	64.000000
0.03	SRR7309285	SRR7309288	0.239194	0.034979	0.034022	0.035936	31.000000	31.000000
0.03	SRR7309286	SRR7309288	0.938794	0.965585	0.964565	0.966605	16.000000	16.000000
0.03	SRR7309287	SRR7309288	0.959680	0.989045	0.988527	0.989564	37.000000	37.000000
0.03	SRR7309272	SRR7309289	0.988552	0.998543	0.998357	0.998730	25.000000	25.000000
0.03	SRR7309273	SRR7309289	0.842771	0.984086	0.983672	0.984500	16.000000	16.000000
0.03	SRR7309274	SRR7309289	0.902020	0.980150	0.979497	0.980803	21.000000	21.000000
0.03	SRR7309275	SRR7309289	0.923190	0.973293	0.972414	0.974172	14.000000	14.000000
0.03	SRR7309276	SRR7309289	0.917340	0.994681	0.994490	0.994872	18.000000	18.000000
0.03	SRR7309277	SRR7309289	0.933923	0.998400	0.998334	0.998467	22.000000	22.000000
0.03	SRR7309278	SRR7309289	0.919771	0.993040	0.992798	0.993283	21.000000	21.000000
0.03	SRR7309279	SRR7309289	0.918003	0.975745	0.974977	0.976514	21.000000	21.000000
0.03	SRR7309281	SRR7309289	0.816383	0.929810	0.928223	0.931396	28.000000	28.000000
0.03	SRR7309282	SRR7309289	0.832334	0.936176	0.934761	0.937591	20.000000	20.000000
0.03	SRR7309283	SRR7309289	0.886900	0.977869	0.977249	0.978488	22.000000	22.000000
0.03	SRR7309284	SRR7309289	0.870191	0.931765	0.930288	0.933243	25.000000	26.000000
0.03	SRR7309285	SRR7309289	0.194855	0.031540	0.030639	0.032440	25.000000	25.000000
0.03	SRR7309286	SRR7309289	0.952494	0.996287	0.996133	0.996441	13.000000	13.000000
0.03	SRR7309287	SRR7309289	0.967782	0.994594	0.994236	0.994951	23.000000	23.000000
0.03	SRR7309288	SRR7309289	0.148106	0.015678	0.015134	0.016222	28.000000	28.000000
0.03	SRR7309272	SRR7309290	0.968771	0.994241	0.993926	0.994556	39.000000	39.200001
0.03	SRR7309273	SRR7309290	0.864941	0.924220	0.922488	0.925952	22.000000	22.000000
0.03	SRR7309274	SRR7309290	0.877252	0.956376	0.955262	0.957490	31.000000	31.000000
0.03	SRR7309275	SRR7309290	0.963889	0.984723	0.984071	0.985374	15.000000	15.000000
0.03	SRR7309276	SRR7309290	0.962174	0.997343	0.997222	0.997464	19.000000	19.000000
0.03	SRR7309277	SRR7309290	0.963920	0.999168	0.999115	0.999221	18.000000	18.000000
0.03	SRR7309278	SRR7309290	0.960090	0.996240	0.996071	0.996410	23.000000	23.000000
0.03	SRR7309279	SRR7309290	0.958302	0.986784	0.986227	0.987342	22.000000	22.000000
0.03	SRR7309281	SRR7309290	0.455187	0.220241	0.215205	0.225277	48.000000	48.000000
0.03	SRR7309282	SRR7309290	0.460638	0.202389	0.197681	0.207096	29.000000	29.000000
0.03	SRR7309283	SRR7309290	0.877904	0.947166	0.945870	0.948461	31.000000	31.000000
0.03	SRR7309284	SRR7309290	0.939836	0.997060	0.996841	0.997280	34.000000	34.000000
0.03	SRR7309285	SRR7309290	0.921822	0.976463	0.975661	0.977265	29.000000	29.000000
0.03	SRR7309286	SRR7309290	0.969539	0.996600	0.996387	0.996812	14.000000	14.000000
0.03	SRR7309287	SRR7309290	0.947622	0.987233	0.986714	0.987752	27.000000	27.000000
0.03	SRR7309288	SRR7309290	0.845654	0.910994	0.909190	0.912797	43.000000	43.000000
0.03	SRR7309289	SRR7309290	0.833859	0.914791	0.913052	0.916529	23.000000	23.000000
0.03	SRR7309272	SRR7309291	0.932218	0.933355	0.931492	0.935218	39.000000	39.000000
0.03	SRR7309273	SRR7309291	0.702799	0.827872	0.824643	0.831101	22.000000	22.000000
0.03	SRR7309274	SRR7309291	0.934438	0.937586	0.935839	0.939333	32.000000	32.000000
0.03	SRR7309275	SRR7309291	0.702378	0.711492	0.707020	0.715964	15.000000	15.000000
0.03	SRR7309276	SRR7309291	0.776852	0.953766	0.952767	0.954764	19.000000	19.000000
0.03	SRR7309277	SRR7309291	0.905124	0.978663	0.978083	0.979244	24.000000	24.000000
0.03	SRR7309278	SRR7309291	0.754135	0.868140	0.865487	0.870793	24.000000	24.000000
0.03	SRR7309279	SRR7309291	0.528704	0.444525	0.436870	0.452180	26.000000	26.000000
0.03	SRR7309281	SRR7309291	0.851189	0.963610	0.962576	0.964644	56.000000	59.000000
0.03	SRR7309282	SRR7309291	0.638952	0.874134	0.871660	0.876609	43.000000	43.000000
0.03	SRR7309283	SRR7309291	0.636806	0.709731	0.704925	0.714537	29.000000	29.000000
0.03	SRR7309284	SRR7309291	0.946423	0.994751	0.994555	0.994947	46.000000	46.500000
0.03	SRR7309285	SRR7309291	0.814910	0.961647	0.960774	0.962520	27.000000	27.000000
0.03	SRR7309286	SRR7309291	0.787837	0.869404	0.866895	0.871913	14.000000	14.000000
0.03	SRR7309287	SRR7309291	0.924947	0.934888	0.933142	0.936635	26.000000	26.000000
0.03	SRR7309288	SRR7309291	0.889152	0.988187	0.987846	0.988529	55.000000	55.333332
0.03	SRR7309289	SRR7309291	0.915530	0.985025	0.984572	0.985478	23.000000	23.000000
0.03	SRR7309290	SRR7309291	0.948243	0.991678	0.991358	0.991999	35.000000	35.000000
0.03	SRR7309272	SRR7309292	0.373916	0.137836	0.135133	0.140539	55.000000	56.666668
0.03	SRR7309273	SRR7309292	0.391088	0.133875	0.131051	0.136699	30.000000	30.000000
0.03	SRR7309274	SRR7309292	0.377020	0.130826	0.127476	0.134176	43.000000	43.000000
0.03	SRR7309275	SRR7309292	0.969876	0.991184	0.990669	0.991698	15.000000	15.000000
0.03	SRR7309276	SRR7309292	0.967414	0.998152	0.998047	0.998258	22.000000	22.000000
0.03	SRR7309277	SRR7309292	0.966677	0.999158	0.999089	0.999227	27.000000	27.000000
0.03	SRR7309278	SRR7309292	0.964289	0.996803	0.996632	0.996975	29.000000	29.000000
0.03	SRR7309279	SRR7309292	0.964005	0.990299	0.989806	0.990791	26.000000	26.000000
0.03	SRR7309281	SRR7309292	0.956692	0.996867	0.996570	0.997164	68.000000	69.000000
0.03	SRR7309282	SRR7309292	0.906713	0.987149	0.986761	0.987536	47.000000	47.000000
0.03	SRR7309283	SRR7309292	0.935680	0.984518	0.983812	0.985224	36.000000	36.000000
0.03	SRR7309284	SRR7309292	0.959985	0.993421	0.993052	0.993790	45.000000	45.000000
0.03	SRR7309285	SRR7309292	0.956166	0.998177	0.998071	0.998284	33.000000	33.000000
0.03	SRR7309286	SRR7309292	0.975537	0.997683	0.997549	0.997817	15.000000	15.000000
0.03	SRR7309287	SRR7309292	0.401894	0.315648	0.311030	0.320266	47.000000	47.000000
0.03	SRR7309288	SRR7309292	0.952010	0.991690	0.991226	0.992155	76.000000	76.250000
0.03	SRR7309289	SRR7309292	0.962847	0.998031	0.997839	0.998224	28.000000	28.000000
0.03	SRR7309290	SRR7309292	0.966193	0.996574	0.996295	0.996852	44.000000	44.000000
0.03	SRR7309291	SRR7309292	0.894518	0.916016	0.913784	0.918249	53.000000	53.000000
0.03	SRR7309272	SRR7309293	0.868319	0.923534	0.921944	0.925124	48.000000	48.500000
0.03	SRR7309273	SRR7309293	0.857849	0.927113	0.925576	0.928650	29.000000	29.000000
0.03	SRR7309274	SRR7309293	0.870981	0.920693	0.919064	0.922322	35.000000	36.000000
0.03	SRR7309275	SRR7309293	0.980692	0.996181	0.995887	0.996476	13.000000	13.000000
0.03	SRR7309276	SRR7309293	0.978956	0.999083	0.999005	0.999160	17.000000	17.000000
0.03	SRR7309277	SRR7309293	0.977967	0.999616	0.999576	0.999657	26.000000	26.000000
0.03	SRR7309278	SRR7309293	0.976810	0.998775	0.998690	0.998859	34.000000	37.000000
0.03	SRR7309279	SRR7309293	0.977767	0.996166	0.995917	0.996414	22.000000	23.000000
0.03	SRR7309281	SRR7309293	0.960006	0.999042	0.998967	0.999118	68.000000	72.500000
0.03	SRR7309282	SRR7309293	0.907723	0.959107	0.957868	0.960346	46.000000	46.000000
0.03	SRR7309283	SRR7309293	0.961301	0.996479	0.996290	0.996668	30.000000	30.000000
0.03	SRR7309284	SRR7309293	0.967729	0.998872	0.998805	0.998938	48.000000	51.000000
0.03	SRR7309285	SRR7309293	0.976126	0.999233	0.999161	0.999304	30.000000	30.000000
0.03	SRR7309286	SRR7309293	0.982881	0.994696	0.994351	0.995042	13.000000	13.000000
0.03	SRR7309287	SRR7309293	0.866298	0.935173	0.933800	0.936547	29.000000	29.000000
0.03	SRR7309288	SRR7309293	0.952957	0.998326	0.998208	0.998443	65.000000	66.750000
0.03	SRR7309289	SRR7309293	0.976136	0.999475	0.999424	0.999526	24.000000	24.000000
0.03	SRR7309290	SRR7309293	0.977104	0.999310	0.999244	0.999377	41.000000	42.000000
0.03	SRR7309291	SRR7309293	0.897780	0.987834	0.987483	0.988185	49.000000	50.500000
0.03	SRR7309292	SRR7309293	0.699800	0.789920	0.786716	0.793124	72.000000	72.250000
0.03	SRR7309272	SRR7309295	0.836174	0.890615	0.888546	0.892684	40.000000	40.000000
0.03	SRR7309273	SRR7309295	0.806618	0.892624	0.890562	0.894686	25.000000	25.000000
0.03	SRR7309274	SRR7309295	0.821465	0.887427	0.885331	0.889523	34.000000	34.000000
0.03	SRR7309275	SRR7309295	0.965025	0.991341	0.990866	0.991816	14.000000	14.000000
0.03	SRR7309276	SRR7309295	0.961763	0.998155	0.998053	0.998257	19.000000	19.000000
0.03	SRR7309277	SRR7309295	0.962416	0.999267	0.999221	0.999312	24.000000	24.000000
0.03	SRR7309278	SRR7309295	0.961637	0.997336	0.997206	0.997466	27.000000	27.000000
0.03	SRR7309279	SRR7309295	0.961616	0.991321	0.990907	0.991734	24.000000	24.000000
0.03	SRR7309281	SRR7309295	0.943224	0.998337	0.998231	0.998444	49.000000	50.500000
0.03	SRR7309282	SRR7309295	0.899537	0.956559	0.955273	0.957845	40.000000	40.000000
0.03	SRR7309283	SRR7309295	0.948390	0.992995	0.992691	0.993299	28.000000	28.000000
0.03	SRR7309284	SRR7309295	0.960354	0.998399	0.998310	0.998489	40.000000	40.000000
0.03	SRR7309285	SRR7309295	0.959901	0.997730	0.997560	0.997900	29.000000	29.000000
0.03	SRR7309286	SRR7309295	0.974169	0.994470	0.994137	0.994802	15.000000	15.000000
0.03	SRR7309287	SRR7309295	0.825979	0.906690	0.904888	0.908492	35.000000	35.000000
0.03	SRR7309288	SRR7309295	0.952788	0.997058	0.996859	0.997257	64.000000	65.666664
0.03	SRR7309289	SRR7309295	0.958628	0.998318	0.998161	0.998475	29.000000	29.000000
0.03	SRR7309290	SRR7309295	0.958796	0.998725	0.998627	0.998824	36.000000	36.000000
0.03	SRR7309291	SRR7309295	0.888584	0.980203	0.979676	0.980729	52.000000	52.000000
0.03	SRR7309292	SRR7309295	0.661742	0.745814	0.742056	0.749571	61.000000	61.000000
0.03	SRR7309293	SRR7309295	0.101883	0.011386	0.010228	0.012543	61.000000	61.000000
0.03	SRR7309272	SRR7309296	0.690572	0.616761	0.611897	0.621625	52.000000	52.750000
0.03	SRR7309273	SRR7309296	0.614678	0.545386	0.539721	0.551051	28.000000	28.000000
0.03	SRR7309274	SRR7309296	0.626957	0.625316	0.620562	0.630070	40.000000	40.000000
0.03	SRR7309275	SRR7309296	0.938026	0.958599	0.957240	0.959958	12.000000	12.000000
0.03	SRR7309276	SRR7309296	0.930503	0.992741	0.992483	0.992998	24.000000	24.000000
0.03	SRR7309277	SRR7309296	0.943287	0.997507	0.997400	0.997615	24.000000	24.000000
0.03	SRR7309278	SRR7309296	0.929588	0.985050	0.984525	0.985574	33.000000	33.500000
0.03	SRR7309279	SRR7309296	0.928399	0.949951	0.948344	0.951559	28.000000	28.000000
0.03	SRR7309281	SRR7309296	0.857239	0.946897	0.945312	0.948483	78.000000	78.500000
0.03	SRR7309282	SRR7309296	0.828367	0.937706	0.936141	0.939271	46.000000	46.000000
0.03	SRR7309283	SRR7309296	0.884312	0.958340	0.957118	0.959562	36.000000	36.000000
0.03	SRR7309284	SRR7309296	0.923622	0.989018	0.988653	0.989383	56.000000	56.000000
0.03	SRR7309285	SRR7309296	0.665036	0.619979	0.614879	0.625078	26.000000	26.000000
0.03	SRR7309286	SRR7309296	0.946475	0.992353	0.992025	0.992682	14.000000	14.000000
0.03	SRR7309287	SRR7309296	0.670560	0.644302	0.639900	0.648704	38.000000	38.000000
0.03	SRR7309288	SRR7309296	0.649337	0.617009	0.611919	0.622099	83.000000	84.500000
0.03	SRR7309289	SRR7309296	0.641730	0.626412	0.621442	0.631382	23.000000	23.000000
0.03	SRR7309290	SRR7309296	0.866225	0.953202	0.951891	0.954513	38.000000	38.000000
0.03	SRR7309291	SRR7309296	0.849558	0.891593	0.889158	0.894027	50.000000	50.000000
0.03	SRR7309292	SRR7309296	0.531040	0.513622	0.507631	0.519613	67.000000	67.000000
0.03	SRR7309293	SRR7309296	0.738058	0.845025	0.842340	0.847710	62.000000	62.333332
0.03	SRR7309295	SRR7309296	0.680040	0.814448	0.811367	0.817529	52.000000	52.000000
0.03	SRR7309272	SRR7309297	0.987574	0.999624	0.999542	0.999706	42.000000	43.250000
0.03	SRR7309273	SRR7309297	0.924916	0.994036	0.993806	0.994265	25.000000	26.000000
0.03	SRR7309274	SRR7309297	0.988699	0.999631	0.999550	0.999711	34.000000	35.000000
0.03	SRR7309275	SRR7309297	0.926799	0.980196	0.979453	0.980939	13.000000	13.000000
0.03	SRR7309276	SRR7309297	0.914583	0.996056	0.995918	0.996194	20.000000	20.000000
0.03	SRR7309277	SRR7309297	0.919634	0.998350	0.998286	0.998415	24.000000	24.000000
0.03	SRR7309278	SRR7309297	0.907113	0.993854	0.993647	0.994061	28.000000	28.000000
0.03	SRR7309279	SRR7309297	0.903809	0.979653	0.978988	0.980317	24.000000	24.000000
0.03	SRR7309281	SRR7309297	0.911911	0.997463	0.997369	0.997557	55.000000	57.000000
0.03	SRR7309282	SRR7309297	0.847790	0.985822	0.985393	0.986250	38.000000	38.000000
0.03	SRR7309283	SRR7309297	0.900831	0.987868	0.987432	0.988303	31.000000	31.000000
0.03	SRR7309284	SRR7309297	0.961953	0.998465	0.998304	0.998626	48.000000	48.500000
0.03	SRR7309285	SRR7309297	0.900589	0.996609	0.996479	0.996738	34.000000	34.000000
0.03	SRR7309286	SRR7309297	0.953483	0.994247	0.993950	0.994544	15.000000	15.000000
0.03	SRR7309287	SRR7309297	0.977894	0.999423	0.999348	0.999498	29.000000	29.000000
0.03	SRR7309288	SRR7309297	0.954293	0.999230	0.999163	0.999297	59.000000	59.000000
0.03	SRR7309289	SRR7309297	0.935964	0.998543	0.998462	0.998623	25.000000	26.000000
0.03	SRR7309290	SRR7309297	0.949285	0.999038	0.998973	0.999103	34.000000	34.000000
0.03	SRR7309291	SRR7309297	0.880871	0.984141	0.983704	0.984577	42.000000	42.000000
0.03	SRR7309292	SRR7309297	0.840215	0.961119	0.960078	0.962160	56.000000	56.000000
0.03	SRR7309293	SRR7309297	0.870497	0.934948	0.933467	0.936430	51.000000	51.500000
0.03	SRR7309295	SRR7309297	0.859827	0.936575	0.935104	0.938045	42.000000	42.000000
0.03	SRR7309296	SRR7309297	0.735764	0.857578	0.854815	0.860341	50.000000	50.000000
0.03	SRR7309272	SRR7309298	0.791867	0.880929	0.878547	0.883310	66.000000	69.000000
0.03	SRR7309273	SRR7309298	0.881713	0.902415	0.899964	0.904866	24.000000	24.000000
0.03	SRR7309274	SRR7309298	0.881566	0.925336	0.923449	0.927223	44.000000	44.000000
0.03	SRR7309275	SRR7309298	0.975558	0.985987	0.985191	0.986783	12.000000	12.000000
0.03	SRR7309276	SRR7309298	0.962079	0.995946	0.995775	0.996116	20.000000	20.000000
0.03	SRR7309277	SRR7309298	0.960122	0.996586	0.996437	0.996735	27.000000	27.000000
0.03	SRR7309278	SRR7309298	0.952788	0.987189	0.986704	0.987675	24.000000	24.000000
0.03	SRR7309279	SRR7309298	0.913531	0.963837	0.962535	0.965139	23.000000	23.000000
0.03	SRR7309281	SRR7309298	0.928314	0.981334	0.980445	0.982223	72.000000	73.500000
0.03	SRR7309282	SRR7309298	0.896970	0.975349	0.974452	0.976246	43.000000	43.000000
0.03	SRR7309283	SRR7309298	0.912637	0.971804	0.970876	0.972732	32.000000	32.000000
0.03	SRR7309284	SRR7309298	0.955577	0.998576	0.998494	0.998657	56.000000	56.000000
0.03	SRR7309285	SRR7309298	0.957502	0.995254	0.995024	0.995484	25.000000	25.000000
0.03	SRR7309286	SRR7309298	0.976831	0.996981	0.996764	0.997197	16.000000	16.000000
0.03	SRR7309287	SRR7309298	0.780661	0.814975	0.811934	0.818016	41.000000	41.000000
0.03	SRR7309288	SRR7309298	0.941898	0.995915	0.995704	0.996127	80.000000	80.000000
0.03	SRR7309289	SRR7309298	0.965867	0.997130	0.996942	0.997319	21.000000	21.000000
0.03	SRR7309290	SRR7309298	0.881787	0.981950	0.981273	0.982627	44.000000	44.000000
0.03	SRR7309291	SRR7309298	0.842950	0.896974	0.894589	0.899358	47.000000	47.000000
0.03	SRR7309292	SRR7309298	0.780598	0.887813	0.885262	0.890364	114.000000	114.333336
0.03	SRR7309293	SRR7309298	0.873769	0.935672	0.933980	0.937365	57.000000	57.333332
0.03	SRR7309295	SRR7309298	0.848674	0.924735	0.922866	0.926604	50.000000	50.000000
0.03	SRR7309296	SRR7309298	0.791593	0.872610	0.869989	0.875230	74.000000	74.000000
0.03	SRR7309297	SRR7309298	0.882639	0.987373	0.987038	0.987708	51.000000	51.000000
0.03	SRR7309272	SRR7309299	0.986332	0.998089	0.997886	0.998292	35.000000	35.000000
0.03	SRR7309273	SRR7309299	0.749989	0.890529	0.888270	0.892788	22.000000	22.000000
0.03	SRR7309274	SRR7309299	0.989173	0.998268	0.998080	0.998456	29.000000	29.000000
0.03	SRR7309275	SRR7309299	0.596928	0.562563	0.557082	0.568045	14.000000	14.000000
0.03	SRR7309276	SRR7309299	0.774663	0.942262	0.941014	0.943510	19.000000	19.000000
0.03	SRR7309277	SRR7309299	0.898706	0.969371	0.968433	0.970309	21.000000	21.000000
0.03	SRR7309278	SRR7309299	0.765520	0.859093	0.856162	0.862024	24.000000	24.000000
0.03	SRR7309279	SRR7309299	0.503178	0.319433	0.312671	0.326196	21.000000	21.000000
0.03	SRR7309281	SRR7309299	0.829903	0.959040	0.957825	0.960255	48.000000	49.000000
0.03	SRR7309282	SRR7309299	0.630398	0.837163	0.834106	0.840220	34.000000	34.000000
0.03	SRR7309283	SRR7309299	0.569487	0.639198	0.633792	0.644604	26.000000	26.000000
0.03	SRR7309284	SRR7309299	0.966498	0.995380	0.995142	0.995617	39.000000	39.000000
0.03	SRR7309285	SRR7309299	0.816625	0.954512	0.953438	0.955585	24.000000	24.000000
0.03	SRR7309286	SRR7309299	0.857260	0.958569	0.957608	0.959530	15.000000	15.000000
0.03	SRR7309287	SRR7309299	0.979009	0.993973	0.993623	0.994324	28.000000	28.000000
0.03	SRR7309288	SRR7309299	0.947706	0.995383	0.995132	0.995635	50.000000	50.500000
0.03	SRR7309289	SRR7309299	0.919876	0.982215	0.981643	0.982787	20.000000	20.000000
0.03	SRR7309290	SRR7309299	0.954482	0.990177	0.989761	0.990593	32.000000	32.000000
0.03	SRR7309291	SRR7309299	0.534112	0.453132	0.446703	0.459562	35.000000	35.000000
0.03	SRR7309292	SRR7309299	0.812973	0.949191	0.948002	0.950380	44.000000	44.000000
0.03	SRR7309293	SRR7309299	0.806892	0.816239	0.812991	0.819487	44.000000	45.000000
0.03	SRR7309295	SRR7309299	0.798548	0.800176	0.796660	0.803691	40.000000	40.000000
0.03	SRR7309296	SRR7309299	0.797012	0.896215	0.893993	0.898437	46.000000	46.000000
0.03	SRR7309297	SRR7309299	0.800295	0.964738	0.963937	0.965538	41.000000	41.000000
0.03	SRR7309298	SRR7309299	0.871980	0.920758	0.918729	0.922786	43.000000	43.000000
0.03	SRR7309272	SRR7309300	0.595581	0.580036	0.575132	0.584940	31.000000	31.000000
0.03	SRR7309273	SRR7309300	0.581061	0.577502	0.572423	0.582580	21.000000	21.000000
0.03	SRR7309274	SRR7309300	0.571181	0.560984	0.555963	0.566004	33.000000	33.000000
0.03	SRR7309275	SRR7309300	0.974169	0.987832	0.987212	0.988453	12.000000	12.000000
0.03	SRR7309276	SRR7309300	0.971665	0.997599	0.997468	0.997730	16.000000	16.000000
0.03	SRR7309277	SRR7309300	0.973338	0.999250	0.999198	0.999302	18.000000	18.000000
0.03	SRR7309278	SRR7309300	0.970791	0.996440	0.996252	0.996628	24.000000	24.000000
0.03	SRR7309279	SRR7309300	0.971033	0.988059	0.987475	0.988643	21.000000	21.000000
0.03	SRR7309281	SRR7309300	0.949989	0.986038	0.985379	0.986698	43.000000	43.000000
0.03	SRR7309282	SRR7309300	0.918771	0.989993	0.989644	0.990342	34.000000	34.000000
0.03	SRR7309283	SRR7309300	0.960953	0.986621	0.986058	0.987183	24.000000	24.000000
0.03	SRR7309284	SRR7309300	0.935385	0.986017	0.985530	0.986505	36.000000	36.000000
0.03	SRR7309285	SRR7309300	0.485617	0.381667	0.376234	0.387101	24.000000	24.000000
0.03	SRR7309286	SRR7309300	0.973674	0.997849	0.997745	0.997954	13.000000	13.000000
0.03	SRR7309287	SRR7309300	0.580682	0.638283	0.633916	0.642651	28.000000	28.000000
0.03	SRR7309288	SRR7309300	0.478672	0.375236	0.369792	0.380680	51.000000	51.333332
0.03	SRR7309289	SRR7309300	0.485290	0.389521	0.384166	0.394875	23.000000	24.000000
0.03	SRR7309290	SRR7309300	0.925189	0.980990	0.980341	0.981638	27.000000	27.000000
0.03	SRR7309291	SRR7309300	0.912458	0.945213	0.943761	0.946664	34.000000	34.000000
0.03	SRR7309292	SRR7309300	0.514057	0.545418	0.540073	0.550763	42.000000	42.000000
0.03	SRR7309293	SRR7309300	0.784175	0.892213	0.890275	0.894150	41.000000	44.000000
0.03	SRR7309295	SRR7309300	0.744213	0.868279	0.866040	0.870517	39.000000	39.500000
0.03	SRR7309296	SRR7309300	0.340751	0.238856	0.233889	0.243822	42.000000	42.000000
0.03	SRR7309297	SRR7309300	0.890920	0.987858	0.987390	0.988325	39.000000	39.000000
0.03	SRR7309298	SRR7309300	0.856239	0.934517	0.932937	0.936096	41.000000	41.000000
0.03	SRR7309299	SRR7309300	0.893834	0.969081	0.968270	0.969893	35.000000	35.000000
0.03	SRR7309272	SRR7309301	0.085943	0.006394	0.006103	0.006685	48.000000	52.166668
0.03	SRR7309273	SRR7309301	0.392761	0.171527	0.168094	0.174961	22.000000	22.000000
0.03	SRR7309274	SRR7309301	0.218129	0.061278	0.059136	0.063420	35.000000	35.000000
0.03	SRR7309275	SRR7309301	0.979956	0.997100	0.996834	0.997366	14.000000	14.000000
0.03	SRR7309276	SRR7309301	0.980250	0.999300	0.999230	0.999369	20.000000	20.000000
0.03	SRR7309277	SRR7309301	0.988573	0.999703	0.999648	0.999759	24.000000	24.000000
0.03	SRR7309278	SRR7309301	0.984407	0.999022	0.998916	0.999128	26.000000	26.000000
0.03	SRR7309279	SRR7309301	0.978304	0.997095	0.996858	0.997332	26.000000	26.000000
0.03	SRR7309281	SRR7309301	0.982618	0.997726	0.997453	0.997999	50.000000	50.000000
0.03	SRR7309282	SRR7309301	0.982576	0.998847	0.998738	0.998957	31.000000	31.000000
0.03	SRR7309283	SRR7309301	0.967456	0.989640	0.989049	0.990231	28.000000	28.000000
0.03	SRR7309284	SRR7309301	0.975431	0.993299	0.992914	0.993685	36.000000	36.000000
0.03	SRR7309285	SRR7309301	0.975873	0.999060	0.998947	0.999174	27.000000	27.000000
0.03	SRR7309286	SRR7309301	0.984491	0.999455	0.999393	0.999518	16.000000	16.000000
0.03	SRR7309287	SRR7309301	0.234617	0.114510	0.109958	0.119061	34.000000	34.000000
0.03	SRR7309288	SRR7309301	0.971033	0.991673	0.991200	0.992147	53.000000	53.500000
0.03	SRR7309289	SRR7309301	0.985985	0.998162	0.997954	0.998369	24.000000	24.000000
0.03	SRR7309290	SRR7309301	0.959891	0.994117	0.993802	0.994431	37.000000	37.000000
0.03	SRR7309291	SRR7309301	0.928441	0.932880	0.931008	0.934752	40.000000	40.000000
0.03	SRR7309292	SRR7309301	0.369518	0.132081	0.129369	0.134792	78.000000	78.000000
0.03	SRR7309293	SRR7309301	0.866751	0.922092	0.920483	0.923701	42.000000	42.500000
0.03	SRR7309295	SRR7309301	0.818234	0.888534	0.886442	0.890626	47.000000	47.000000
0.03	SRR7309296	SRR7309301	0.670854	0.613425	0.608516	0.618334	53.000000	53.000000
0.03	SRR7309297	SRR7309301	0.980208	0.999430	0.999352	0.999507	37.000000	37.000000
0.03	SRR7309298	SRR7309301	0.755650	0.878123	0.875718	0.880528	94.000000	94.000000
0.03	SRR7309299	SRR7309301	0.976789	0.997173	0.996943	0.997403	37.000000	37.000000
0.03	SRR7309300	SRR7309301	0.590330	0.577617	0.572682	0.582552	33.000000	33.000000
0.03	SRR7309272	SRR7309302	0.982660	0.999349	0.999240	0.999457	82.000000	89.857140
0.03	SRR7309273	SRR7309302	0.953335	0.993707	0.993400	0.994014	33.000000	33.000000
0.03	SRR7309274	SRR7309302	0.983512	0.999549	0.999449	0.999648	55.000000	55.000000
0.03	SRR7309275	SRR7309302	0.966614	0.983816	0.982980	0.984651	13.000000	13.000000
0.03	SRR7309276	SRR7309302	0.954651	0.995636	0.995464	0.995809	18.000000	18.000000
0.03	SRR7309277	SRR7309302	0.952115	0.996655	0.996518	0.996791	22.000000	22.000000
0.03	SRR7309278	SRR7309302	0.938931	0.987734	0.987293	0.988175	26.000000	26.000000
0.03	SRR7309279	SRR7309302	0.904219	0.963985	0.962741	0.965230	25.000000	25.000000
0.03	SRR7309281	SRR7309302	0.862784	0.988569	0.988236	0.988901	114.000000	116.000000
0.03	SRR7309282	SRR7309302	0.910648	0.988045	0.987636	0.988455	56.000000	56.000000
0.03	SRR7309283	SRR7309302	0.926989	0.979351	0.978543	0.980158	33.000000	33.000000
0.03	SRR7309284	SRR7309302	0.965867	0.999610	0.999587	0.999633	52.000000	52.333332
0.03	SRR7309285	SRR7309302	0.955945	0.996486	0.996328	0.996643	29.000000	29.000000
0.03	SRR7309286	SRR7309302	0.980040	0.997843	0.997708	0.997977	17.000000	17.000000
0.03	SRR7309287	SRR7309302	0.980040	0.999378	0.999279	0.999477	32.000000	32.000000
0.03	SRR7309288	SRR7309302	0.945149	0.998929	0.998846	0.999013	83.000000	83.250000
0.03	SRR7309289	SRR7309302	0.962753	0.998398	0.998300	0.998497	27.000000	28.000000
0.03	SRR7309290	SRR7309302	0.970612	0.999189	0.999097	0.999281	41.000000	41.000000
0.03	SRR7309291	SRR7309302	0.852441	0.932690	0.930919	0.934461	57.000000	57.000000
0.03	SRR7309292	SRR7309302	0.957997	0.998586	0.998453	0.998718	74.000000	74.000000
0.03	SRR7309293	SRR7309302	0.961153	0.999175	0.999083	0.999267	66.000000	67.500000
0.03	SRR7309295	SRR7309302	0.946033	0.998519	0.998410	0.998628	61.000000	61.000000
0.03	SRR7309296	SRR7309302	0.944076	0.995411	0.995194	0.995628	65.000000	66.500000
0.03	SRR7309297	SRR7309302	0.938678	0.997676	0.997576	0.997775	50.000000	50.750000
0.03	SRR7309298	SRR7309302	0.903630	0.974062	0.973154	0.974969	84.000000	84.000000
0.03	SRR7309299	SRR7309302	0.884922	0.963126	0.961945	0.964308	39.000000	39.000000
0.03	SRR7309300	SRR7309302	0.970023	0.998954	0.998846	0.999061	38.000000	38.000000
0.03	SRR7309301	SRR7309302	0.985953	0.999500	0.999394	0.999606	52.000000	52.000000
0.03	SRR7309272	SRR7309303	0.979977	0.998968	0.998822	0.999114	87.000000	93.111115
0.03	SRR7309273	SRR7309303	0.888310	0.983839	0.983275	0.984404	37.000000	37.000000
0.03	SRR7309274	SRR7309303	0.983638	0.999258	0.999125	0.999391	62.000000	62.000000
0.03	SRR7309275	SRR7309303	0.915856	0.957518	0.956050	0.958986	14.000000	14.000000
0.03	SRR7309276	SRR7309303	0.891604	0.990535	0.990237	0.990833	23.000000	23.000000
0.03	SRR7309277	SRR7309303	0.911553	0.994294	0.994104	0.994485	26.000000	26.000000
0.03	SRR7309278	SRR7309303	0.880072	0.970078	0.969209	0.970946	27.000000	27.000000
0.03	SRR7309279	SRR7309303	0.841719	0.909542	0.907007	0.912077	23.000000	23.000000
0.03	SRR7309281	SRR7309303	0.772043	0.976958	0.976364	0.977552	130.000000	131.500000
0.03	SRR7309282	SRR7309303	0.848695	0.972557	0.971785	0.973328	47.000000	47.000000
0.03	SRR7309283	SRR7309303	0.865299	0.945517	0.943871	0.947162	28.000000	28.000000
0.03	SRR7309284	SRR7309303	0.965404	0.999136	0.999056	0.999216	47.000000	47.000000
0.03	SRR7309285	SRR7309303	0.898801	0.992264	0.991999	0.992529	28.000000	28.000000
0.03	SRR7309286	SRR7309303	0.957008	0.995021	0.994819	0.995223	18.000000	18.000000
0.03	SRR7309287	SRR7309303	0.976757	0.998724	0.998583	0.998865	33.000000	33.000000
0.03	SRR7309288	SRR7309303	0.937174	0.998091	0.997967	0.998215	79.000000	79.599998
0.03	SRR7309289	SRR7309303	0.926526	0.996613	0.996457	0.996769	23.000000	23.000000
0.03	SRR7309290	SRR7309303	0.952031	0.998055	0.997920	0.998191	36.000000	36.000000
0.03	SRR7309291	SRR7309303	0.782239	0.821362	0.817600	0.825124	52.000000	52.000000
0.03	SRR7309292	SRR7309303	0.940278	0.996736	0.996538	0.996934	82.000000	82.000000
0.03	SRR7309293	SRR7309303	0.959817	0.998639	0.998530	0.998748	60.000000	62.000000
0.03	SRR7309295	SRR7309303	0.943329	0.997755	0.997623	0.997887	54.000000	54.000000
0.03	SRR7309296	SRR7309303	0.904167	0.989458	0.989060	0.989856	68.000000	68.000000
0.03	SRR7309297	SRR7309303	0.895202	0.995748	0.995614	0.995882	45.000000	48.000000
0.03	SRR7309298	SRR7309303	0.875642	0.942575	0.940878	0.944271	97.000000	97.000000
0.03	SRR7309299	SRR7309303	0.801378	0.892346	0.889573	0.895119	41.000000	41.000000
0.03	SRR7309300	SRR7309303	0.963005	0.997879	0.997716	0.998041	38.000000	38.000000
0.03	SRR7309301	SRR7309303	0.979082	0.999074	0.998929	0.999218	59.000000	59.000000
0.03	SRR7309302	SRR7309303	0.706481	0.891275	0.888439	0.894110	216.000000	218.000000
0.03	SRR7309272	SRR7309304	0.985196	0.998414	0.998251	0.998577	51.000000	51.166668
0.03	SRR7309273	SRR7309304	0.761711	0.928026	0.926430	0.929622	32.000000	32.000000
0.03	SRR7309274	SRR7309304	0.985596	0.998681	0.998533	0.998829	44.000000	44.000000
0.03	SRR7309275	SRR7309304	0.724316	0.766966	0.763020	0.770913	14.000000	14.000000
0.03	SRR7309276	SRR7309304	0.785069	0.959370	0.958484	0.960256	18.000000	18.000000
0.03	SRR7309277	SRR7309304	0.902851	0.980161	0.979625	0.980698	26.000000	26.000000
0.03	SRR7309278	SRR7309304	0.768666	0.878084	0.875593	0.880575	26.000000	26.000000
0.03	SRR7309279	SRR7309304	0.568634	0.527499	0.520101	0.534897	26.000000	26.000000
0.03	SRR7309281	SRR7309304	0.735743	0.953069	0.951948	0.954190	85.000000	88.000000
0.03	SRR7309282	SRR7309304	0.688731	0.888778	0.886529	0.891028	40.000000	40.000000
0.03	SRR7309283	SRR7309304	0.701315	0.761226	0.756906	0.765547	31.000000	31.000000
0.03	SRR7309284	SRR7309304	0.963973	0.996954	0.996809	0.997100	47.000000	47.000000
0.03	SRR7309285	SRR7309304	0.816751	0.966601	0.965828	0.967374	32.000000	32.000000
0.03	SRR7309286	SRR7309304	0.870707	0.975423	0.974760	0.976086	16.000000	16.000000
0.03	SRR7309287	SRR7309304	0.976526	0.995986	0.995746	0.996225	30.000000	30.000000
0.03	SRR7309288	SRR7309304	0.934459	0.995542	0.995342	0.995742	62.000000	63.200001
0.03	SRR7309289	SRR7309304	0.915593	0.986488	0.986083	0.986893	28.000000	28.000000
0.03	SRR7309290	SRR7309304	0.945497	0.993002	0.992734	0.993269	35.000000	35.000000
0.03	SRR7309291	SRR7309304	0.491425	0.281888	0.275990	0.287786	44.000000	44.000000
0.03	SRR7309292	SRR7309304	0.956681	0.991806	0.991453	0.992158	51.000000	51.000000
0.03	SRR7309293	SRR7309304	0.961669	0.996845	0.996691	0.996999	49.000000	52.000000
0.03	SRR7309295	SRR7309304	0.945276	0.993799	0.993557	0.994040	48.000000	48.000000
0.03	SRR7309296	SRR7309304	0.899674	0.965449	0.964392	0.966507	53.000000	53.000000
0.03	SRR7309297	SRR7309304	0.887679	0.985188	0.984775	0.985602	48.000000	51.000000
0.03	SRR7309298	SRR7309304	0.896896	0.940139	0.938418	0.941859	46.000000	46.000000
0.03	SRR7309299	SRR7309304	0.581829	0.489116	0.482216	0.496016	35.000000	35.000000
0.03	SRR7309300	SRR7309304	0.963784	0.993138	0.992818	0.993457	36.000000	36.000000
0.03	SRR7309301	SRR7309304	0.986900	0.998328	0.998159	0.998497	35.000000	35.000000
0.03	SRR7309302	SRR7309304	0.800673	0.936599	0.935009	0.938189	73.000000	73.000000
0.03	SRR7309303	SRR7309304	0.671370	0.790305	0.786182	0.794428	76.000000	76.000000
0.03	SRR7309272	SRR7309305	0.984596	0.999304	0.999185	0.999423	60.000000	60.857143
0.03	SRR7309273	SRR7309305	0.910553	0.985405	0.984889	0.985920	33.000000	33.000000
0.03	SRR7309274	SRR7309305	0.986458	0.999256	0.999142	0.999370	46.000000	46.000000
0.03	SRR7309275	SRR7309305	0.915636	0.962496	0.961138	0.963854	14.000000	14.000000
0.03	SRR7309276	SRR7309305	0.911290	0.992621	0.992366	0.992876	20.000000	20.000000
0.03	SRR7309277	SRR7309305	0.922506	0.996427	0.996292	0.996562	21.000000	21.000000
0.03	SRR7309278	SRR7309305	0.902346	0.978930	0.978251	0.979610	28.000000	28.000000
0.03	SRR7309279	SRR7309305	0.899863	0.934684	0.932609	0.936759	22.000000	22.000000
0.03	SRR7309281	SRR7309305	0.754461	0.951594	0.950430	0.952757	118.000000	119.333336
0.03	SRR7309282	SRR7309305	0.849211	0.969581	0.968781	0.970381	51.000000	51.000000
0.03	SRR7309283	SRR7309305	0.901168	0.959338	0.957959	0.960717	32.000000	32.000000
0.03	SRR7309284	SRR7309305	0.967950	0.999214	0.999151	0.999278	47.000000	47.333332
0.03	SRR7309285	SRR7309305	0.907071	0.993836	0.993611	0.994061	27.000000	27.000000
0.03	SRR7309286	SRR7309305	0.963121	0.995557	0.995368	0.995747	16.000000	16.000000
0.03	SRR7309287	SRR7309305	0.978325	0.999010	0.998896	0.999124	31.000000	31.000000
0.03	SRR7309288	SRR7309305	0.949705	0.997385	0.997247	0.997524	74.000000	76.250000
0.03	SRR7309289	SRR7309305	0.933502	0.997305	0.997180	0.997430	24.000000	25.000000
0.03	SRR7309290	SRR7309305	0.958596	0.998605	0.998519	0.998691	39.000000	39.000000
0.03	SRR7309291	SRR7309305	0.824411	0.886902	0.884344	0.889461	58.000000	58.000000
0.03	SRR7309292	SRR7309305	0.955229	0.997799	0.997644	0.997955	62.000000	62.000000
0.03	SRR7309293	SRR7309305	0.958617	0.998139	0.998030	0.998248	66.000000	66.333336
0.03	SRR7309295	SRR7309305	0.944602	0.998157	0.998052	0.998262	55.000000	55.000000
0.03	SRR7309296	SRR7309305	0.919045	0.992105	0.991784	0.992426	61.000000	61.000000
0.03	SRR7309297	SRR7309305	0.899190	0.996141	0.996008	0.996274	51.000000	52.500000
0.03	SRR7309298	SRR7309305	0.956944	0.988750	0.988241	0.989258	56.000000	56.000000
0.03	SRR7309299	SRR7309305	0.847317	0.914648	0.912367	0.916929	39.000000	39.000000
0.03	SRR7309300	SRR7309305	0.964846	0.998364	0.998237	0.998491	39.000000	39.000000
0.03	SRR7309301	SRR7309305	0.984922	0.999423	0.999309	0.999536	39.000000	39.500000
0.03	SRR7309302	SRR7309305	0.802620	0.955725	0.954604	0.956846	138.000000	140.000000
0.03	SRR7309303	SRR7309305	0.690372	0.804827	0.801120	0.808533	109.000000	109.000000
0.03	SRR7309304	SRR7309305	0.692035	0.757523	0.753239	0.761807	79.000000	79.000000
0.03	SRR7309272	SRR7309306	0.991204	0.998022	0.997802	0.998243	14.000000	14.000000
0.03	SRR7309273	SRR7309306	0.775936	0.842940	0.840020	0.845861	14.000000	14.000000
0.03	SRR7309274	SRR7309306	0.992708	0.998111	0.997905	0.998317	14.000000	14.000000
0.03	SRR7309275	SRR7309306	0.242330	0.056309	0.053835	0.058782	14.000000	14.000000
0.03	SRR7309276	SRR7309306	0.800537	0.910882	0.909049	0.912715	14.000000	14.000000
0.03	SRR7309277	SRR7309306	0.923022	0.975017	0.974121	0.975913	14.000000	14.000000
0.03	SRR7309278	SRR7309306	0.805461	0.853959	0.850949	0.856969	15.000000	15.000000
0.03	SRR7309279	SRR7309306	0.445349	0.171540	0.166520	0.176559	16.000000	16.000000
0.03	SRR7309281	SRR7309306	0.916225	0.959953	0.958607	0.961298	22.000000	22.000000
0.03	SRR7309282	SRR7309306	0.755008	0.828795	0.825590	0.832000	15.000000	15.000000
0.03	SRR7309283	SRR7309306	0.601684	0.568296	0.562506	0.574086	18.000000	18.000000
0.03	SRR7309284	SRR7309306	0.978188	0.992554	0.992155	0.992953	16.000000	16.000000
0.03	SRR7309285	SRR7309306	0.827841	0.931689	0.930127	0.933251	17.000000	17.000000
0.03	SRR7309286	SRR7309306	0.868782	0.930302	0.928797	0.931807	11.000000	11.000000
0.03	SRR7309287	SRR7309306	0.982912	0.991599	0.991105	0.992092	12.000000	12.000000
0.03	SRR7309288	SRR7309306	0.978262	0.995008	0.994654	0.995362	16.000000	16.000000
0.03	SRR7309289	SRR7309306	0.928314	0.973988	0.973124	0.974852	14.000000	14.000000
0.03	SRR7309290	SRR7309306	0.944834	0.983731	0.983085	0.984377	16.000000	16.000000
0.03	SRR7309291	SRR7309306	0.709438	0.647248	0.641726	0.652771	18.000000	18.000000
0.03	SRR7309292	SRR7309306	0.967729	0.990843	0.990319	0.991367	16.000000	16.000000
0.03	SRR7309293	SRR7309306	0.980766	0.996268	0.995983	0.996552	15.000000	15.000000
0.03	SRR7309295	SRR7309306	0.967109	0.991471	0.991006	0.991936	15.000000	15.000000
0.03	SRR7309296	SRR7309306	0.937121	0.954424	0.952921	0.955926	16.000000	16.000000
0.03	SRR7309297	SRR7309306	0.921465	0.980453	0.979721	0.981185	16.000000	16.000000
0.03	SRR7309298	SRR7309306	0.945791	0.979919	0.978971	0.980867	17.000000	17.000000
0.03	SRR7309299	SRR7309306	0.599621	0.476232	0.469780	0.482683	17.000000	17.000000
0.03	SRR7309300	SRR7309306	0.974621	0.987633	0.987002	0.988264	15.000000	15.000000
0.03	SRR7309301	SRR7309306	0.979156	0.996963	0.996697	0.997229	19.000000	19.000000
0.03	SRR7309302	SRR7309306	0.961469	0.980851	0.979898	0.981805	17.000000	17.000000
0.03	SRR7309303	SRR7309306	0.913805	0.948232	0.946459	0.950005	17.000000	17.000000
0.03	SRR7309304	SRR7309306	0.753483	0.714498	0.709575	0.719421	15.000000	15.000000
0.03	SRR7309305	SRR7309306	0.914404	0.955474	0.953866	0.957083	17.000000	17.000000
0.03	SRR7309272	SRR7309307	0.942424	0.949015	0.947395	0.950635	64.000000	64.666664
0.03	SRR7309273	SRR7309307	0.833197	0.919372	0.917266	0.921477	33.000000	33.000000
0.03	SRR7309274	SRR7309307	0.944928	0.952307	0.950789	0.953824	45.000000	45.000000
0.03	SRR7309275	SRR7309307	0.891961	0.943753	0.942054	0.945452	14.000000	14.000000
0.03	SRR7309276	SRR7309307	0.886132	0.989439	0.989113	0.989765	19.000000	19.000000
0.03	SRR7309277	SRR7309307	0.912437	0.995193	0.995034	0.995353	23.000000	23.000000
0.03	SRR7309278	SRR7309307	0.863331	0.970709	0.969860	0.971557	28.000000	28.000000
0.03	SRR7309279	SRR7309307	0.864562	0.907014	0.904450	0.909577	25.000000	25.000000
0.03	SRR7309281	SRR7309307	0.801862	0.979311	0.978767	0.979855	100.000000	106.000000
0.03	SRR7309282	SRR7309307	0.830577	0.970832	0.970026	0.971638	50.000000	50.000000
0.03	SRR7309283	SRR7309307	0.848148	0.939239	0.937517	0.940961	33.000000	33.000000
0.03	SRR7309284	SRR7309307	0.948148	0.998177	0.998064	0.998289	61.000000	61.333332
0.03	SRR7309285	SRR7309307	0.882860	0.991112	0.990827	0.991398	30.000000	30.000000
0.03	SRR7309286	SRR7309307	0.943992	0.992834	0.992547	0.993121	17.000000	17.000000
0.03	SRR7309287	SRR7309307	0.937889	0.951821	0.950313	0.953330	24.000000	24.000000
0.03	SRR7309288	SRR7309307	0.933365	0.997445	0.997321	0.997568	94.000000	95.666664
0.03	SRR7309289	SRR7309307	0.917950	0.996242	0.996089	0.996395	24.000000	24.000000
0.03	SRR7309290	SRR7309307	0.945370	0.997600	0.997484	0.997716	43.000000	43.000000
0.03	SRR7309291	SRR7309307	0.750421	0.843185	0.839955	0.846415	53.000000	53.000000
0.03	SRR7309292	SRR7309307	0.904146	0.939104	0.937199	0.941008	64.000000	64.166664
0.03	SRR7309293	SRR7309307	0.911711	0.991735	0.991461	0.992009	66.000000	68.000000
0.03	SRR7309295	SRR7309307	0.892098	0.987637	0.987246	0.988029	57.000000	57.000000
0.03	SRR7309296	SRR7309307	0.834743	0.934906	0.933075	0.936736	85.000000	85.000000
0.03	SRR7309297	SRR7309307	0.876957	0.994940	0.994795	0.995086	50.000000	50.000000
0.03	SRR7309298	SRR7309307	0.872548	0.949163	0.947841	0.950486	77.000000	77.000000
0.03	SRR7309299	SRR7309307	0.760859	0.876771	0.873899	0.879643	47.000000	47.000000
0.03	SRR7309300	SRR7309307	0.920065	0.960949	0.959726	0.962172	44.000000	44.000000
0.03	SRR7309301	SRR7309307	0.939120	0.948738	0.947112	0.950364	47.000000	47.000000
0.03	SRR7309302	SRR7309307	0.831292	0.954308	0.953066	0.955550	96.000000	96.000000
0.03	SRR7309303	SRR7309307	0.780703	0.921288	0.919357	0.923218	97.000000	97.000000
0.03	SRR7309304	SRR7309307	0.762742	0.836838	0.833402	0.840275	61.000000	61.000000
0.03	SRR7309305	SRR7309307	0.772675	0.902011	0.899709	0.904313	84.000000	84.000000
0.03	SRR7309306	SRR7309307	0.893834	0.933712	0.931704	0.935721	16.000000	16.000000
0.03	SRR7309272	SRR7309308	0.982807	0.993307	0.992803	0.993810	42.000000	42.000000
0.03	SRR7309273	SRR7309308	0.753862	0.878034	0.875557	0.880512	20.000000	20.000000
0.03	SRR7309274	SRR7309308	0.985364	0.993728	0.993250	0.994206	25.000000	26.000000
0.03	SRR7309275	SRR7309308	0.613910	0.520506	0.514877	0.526135	13.000000	13.000000
0.03	SRR7309276	SRR7309308	0.818876	0.941916	0.940611	0.943220	15.000000	15.000000
0.03	SRR7309277	SRR7309308	0.938721	0.982172	0.981510	0.982834	18.000000	18.000000
0.03	SRR7309278	SRR7309308	0.817161	0.865393	0.862437	0.868349	18.000000	18.000000
0.03	SRR7309279	SRR7309308	0.604514	0.332012	0.325941	0.338084	16.000000	16.000000
0.03	SRR7309281	SRR7309308	0.897917	0.963296	0.962071	0.964521	44.000000	45.000000
0.03	SRR7309282	SRR7309308	0.780008	0.866540	0.863738	0.869342	23.000000	23.000000
0.03	SRR7309283	SRR7309308	0.558986	0.615377	0.609763	0.620990	24.000000	24.000000
0.03	SRR7309284	SRR7309308	0.966530	0.995123	0.994870	0.995375	27.000000	27.000000
0.03	SRR7309285	SRR7309308	0.849221	0.954309	0.953187	0.955431	20.000000	20.000000
0.03	SRR7309286	SRR7309308	0.867898	0.956244	0.955222	0.957265	13.000000	13.000000
0.03	SRR7309287	SRR7309308	0.976000	0.989187	0.988622	0.989752	19.000000	19.000000
0.03	SRR7309288	SRR7309308	0.959259	0.996027	0.995775	0.996280	37.000000	38.000000
0.03	SRR7309289	SRR7309308	0.929251	0.982609	0.982009	0.983208	19.000000	19.000000
0.03	SRR7309290	SRR7309308	0.951768	0.989763	0.989327	0.990198	26.000000	27.000000
0.03	SRR7309291	SRR7309308	0.687984	0.561310	0.555120	0.567500	32.000000	32.000000
0.03	SRR7309292	SRR7309308	0.926589	0.985069	0.984386	0.985752	32.000000	32.000000
0.03	SRR7309293	SRR7309308	0.962142	0.996373	0.996156	0.996590	33.000000	33.000000
0.03	SRR7309295	SRR7309308	0.952357	0.992731	0.992385	0.993077	27.000000	27.000000
0.03	SRR7309296	SRR7309308	0.906745	0.951378	0.949855	0.952901	34.000000	34.000000
0.03	SRR7309297	SRR7309308	0.926073	0.986617	0.986111	0.987124	28.000000	28.000000
0.03	SRR7309298	SRR7309308	0.930082	0.963050	0.961723	0.964376	33.000000	33.000000
0.03	SRR7309299	SRR7309308	0.600305	0.423044	0.417152	0.428937	25.000000	25.000000
0.03	SRR7309300	SRR7309308	0.963931	0.986924	0.986334	0.987513	23.000000	23.000000
0.03	SRR7309301	SRR7309308	0.970570	0.992140	0.991622	0.992657	27.000000	27.000000
0.03	SRR7309302	SRR7309308	0.951242	0.977754	0.976706	0.978802	34.000000	34.000000
0.03	SRR7309303	SRR7309308	0.874316	0.920732	0.918215	0.923250	40.000000	40.000000
0.03	SRR7309304	SRR7309308	0.734827	0.628603	0.622484	0.634722	35.000000	35.000000
0.03	SRR7309305	SRR7309308	0.874463	0.923624	0.921363	0.925884	36.000000	36.000000
0.03	SRR7309306	SRR7309308	0.613089	0.430678	0.424221	0.437134	16.000000	16.000000
0.03	SRR7309307	SRR7309308	0.624158	0.636214	0.629941	0.642486	39.000000	39.000000
0.03	SRR7309272	SRR7309309	0.486416	0.275195	0.270651	0.279739	85.000000	89.153847
0.03	SRR7309273	SRR7309309	0.473569	0.234548	0.230343	0.238753	37.000000	37.000000
0.03	SRR7309274	SRR7309309	0.488426	0.286904	0.281965	0.291844	62.000000	62.000000
0.03	SRR7309275	SRR7309309	0.983439	0.995863	0.995494	0.996231	16.000000	16.000000
0.03	SRR7309276	SRR7309309	0.980882	0.999018	0.998938	0.999097	21.000000	21.000000
0.03	SRR7309277	SRR7309309	0.980156	0.999438	0.999380	0.999495	27.000000	27.000000
0.03	SRR7309278	SRR7309309	0.976610	0.998020	0.997877	0.998164	31.000000	31.000000
0.03	SRR7309279	SRR7309309	0.976747	0.994355	0.993970	0.994741	31.000000	31.000000
0.03	SRR7309281	SRR7309309	0.910206	0.995972	0.995671	0.996273	144.000000	148.333328
0.03	SRR7309282	SRR7309309	0.957260	0.997837	0.997688	0.997987	64.000000	67.000000
0.03	SRR7309283	SRR7309309	0.938857	0.987478	0.986818	0.988137	36.000000	36.000000
0.03	SRR7309284	SRR7309309	0.966372	0.994260	0.993930	0.994589	66.000000	67.500000
0.03	SRR7309285	SRR7309309	0.973632	0.999069	0.998980	0.999158	30.000000	30.000000
0.03	SRR7309286	SRR7309309	0.990215	0.999225	0.999130	0.999321	19.000000	19.000000
0.03	SRR7309287	SRR7309309	0.487395	0.404818	0.400142	0.409494	43.000000	43.000000
0.03	SRR7309288	SRR7309309	0.947138	0.992572	0.992149	0.992996	122.000000	124.666672
0.03	SRR7309289	SRR7309309	0.979598	0.998451	0.998275	0.998626	24.000000	24.000000
0.03	SRR7309290	SRR7309309	0.970960	0.996953	0.996699	0.997208	47.000000	48.000000
0.03	SRR7309291	SRR7309309	0.874947	0.914772	0.912466	0.917078	64.000000	65.500000
0.03	SRR7309292	SRR7309309	0.452946	0.215701	0.211352	0.220049	114.000000	115.099998
0.03	SRR7309293	SRR7309309	0.855492	0.933649	0.932216	0.935082	90.000000	90.962502
0.03	SRR7309295	SRR7309309	0.820286	0.902790	0.900861	0.904720	64.000000	64.250000
0.03	SRR7309296	SRR7309309	0.665772	0.585180	0.579807	0.590554	102.000000	102.750000
0.03	SRR7309297	SRR7309309	0.964120	0.999327	0.999257	0.999397	57.000000	60.000000
0.03	SRR7309298	SRR7309309	0.873011	0.906716	0.904250	0.909181	138.000000	138.000000
0.03	SRR7309299	SRR7309309	0.921033	0.993490	0.993139	0.993841	56.000000	56.500000
0.03	SRR7309300	SRR7309309	0.594276	0.611981	0.607141	0.616820	54.000000	54.500000
0.03	SRR7309301	SRR7309309	0.483144	0.271381	0.266793	0.275968	82.000000	82.229164
0.03	SRR7309302	SRR7309309	0.919413	0.995613	0.995411	0.995815	164.000000	165.666672
0.03	SRR7309303	SRR7309309	0.898274	0.995352	0.995121	0.995583	171.000000	171.142853
0.03	SRR7309304	SRR7309309	0.918340	0.993497	0.993192	0.993802	71.000000	72.000000
0.03	SRR7309305	SRR7309309	0.927262	0.996894	0.996721	0.997067	115.000000	115.199997
0.03	SRR7309306	SRR7309309	0.979872	0.995455	0.995068	0.995841	17.000000	17.000000
0.03	SRR7309307	SRR7309309	0.791814	0.908997	0.906745	0.911250	160.000000	160.600006
0.03	SRR7309308	SRR7309309	0.906618	0.974675	0.973806	0.975545	47.000000	47.000000
0.03	SRR7309272	SRR7309311	0.964689	0.987501	0.986932	0.988069	21.000000	21.000000
0.03	SRR7309273	SRR7309311	0.751305	0.832638	0.829596	0.835680	14.000000	14.000000
0.03	SRR7309274	SRR7309311	0.965846	0.990430	0.989899	0.990961	17.000000	17.000000
0.03	SRR7309275	SRR7309311	0.315572	0.078522	0.075725	0.081319	13.000000	13.000000
0.03	SRR7309276	SRR7309311	0.810175	0.912101	0.910280	0.913923	10.000000	10.000000
0.03	SRR7309277	SRR7309311	0.933954	0.975787	0.974895	0.976678	11.000000	11.000000
0.03	SRR7309278	SRR7309311	0.824085	0.854133	0.851099	0.857168	16.000000	16.000000
0.03	SRR7309279	SRR7309311	0.499000	0.174456	0.169604	0.179307	13.000000	13.000000
0.03	SRR7309281	SRR7309311	0.886458	0.959134	0.957777	0.960491	26.000000	26.000000
0.03	SRR7309282	SRR7309311	0.771423	0.830519	0.827311	0.833727	18.000000	18.000000
0.03	SRR7309283	SRR7309311	0.601389	0.564834	0.558987	0.570682	18.000000	18.000000
0.03	SRR7309284	SRR7309311	0.964720	0.992498	0.992103	0.992893	22.000000	22.000000
0.03	SRR7309285	SRR7309311	0.846212	0.932516	0.930962	0.934070	13.000000	13.000000
0.03	SRR7309286	SRR7309311	0.873348	0.930631	0.929134	0.932128	9.000000	9.000000
0.03	SRR7309287	SRR7309311	0.956450	0.977562	0.976787	0.978338	16.000000	16.000000
0.03	SRR7309288	SRR7309311	0.960617	0.994880	0.994527	0.995233	25.000000	25.000000
0.03	SRR7309289	SRR7309311	0.920255	0.974220	0.973361	0.975080	14.000000	14.000000
0.03	SRR7309290	SRR7309311	0.942551	0.984813	0.984178	0.985448	19.000000	19.000000
0.03	SRR7309291	SRR7309311	0.709375	0.652466	0.646936	0.657997	20.000000	20.000000
0.03	SRR7309292	SRR7309311	0.953862	0.983563	0.982828	0.984298	23.000000	23.000000
0.03	SRR7309293	SRR7309311	0.961879	0.995277	0.994986	0.995568	21.000000	21.000000
0.03	SRR7309295	SRR7309311	0.949285	0.990040	0.989565	0.990516	23.000000	23.000000
0.03	SRR7309296	SRR7309311	0.889520	0.948028	0.946452	0.949604	24.000000	24.000000
0.03	SRR7309297	SRR7309311	0.923053	0.980959	0.980233	0.981685	19.000000	19.000000
0.03	SRR7309298	SRR7309311	0.941898	0.976950	0.975950	0.977950	23.000000	23.000000
0.03	SRR7309299	SRR7309311	0.596959	0.476648	0.470183	0.483113	20.000000	20.000000
0.03	SRR7309300	SRR7309311	0.947370	0.982475	0.981757	0.983192	19.000000	19.000000
0.03	SRR7309301	SRR7309311	0.952915	0.985982	0.985390	0.986574	16.000000	16.000000
0.03	SRR7309302	SRR7309311	0.939457	0.979781	0.978810	0.980752	23.000000	23.000000
0.03	SRR7309303	SRR7309311	0.888931	0.947630	0.945823	0.949438	20.000000	20.000000
0.03	SRR7309304	SRR7309311	0.732523	0.721244	0.716326	0.726162	21.000000	21.000000
0.03	SRR7309305	SRR7309311	0.900873	0.954978	0.953342	0.956615	23.000000	23.000000
0.03	SRR7309306	SRR7309311	0.343024	0.052643	0.051443	0.053843	10.000000	10.000000
0.03	SRR7309307	SRR7309311	0.798906	0.918215	0.916058	0.920372	30.000000	30.000000
0.03	SRR7309308	SRR7309311	0.564394	0.404773	0.398134	0.411412	20.000000	20.000000
0.03	SRR7309309	SRR7309311	0.857376	0.965322	0.964383	0.966262	29.000000	29.000000
0.03	SRR7309272	SRR7309312	0.986111	0.999089	0.998952	0.999225	37.000000	37.000000
0.03	SRR7309273	SRR7309312	0.828925	0.955010	0.953845	0.956175	23.000000	23.000000
0.03	SRR7309274	SRR7309312	0.989194	0.999203	0.999076	0.999330	25.000000	25.000000
0.03	SRR7309275	SRR7309312	0.837079	0.851620	0.848578	0.854661	12.000000	12.000000
0.03	SRR7309276	SRR7309312	0.823748	0.976746	0.976133	0.977360	17.000000	17.000000
0.03	SRR7309277	SRR7309312	0.917151	0.991649	0.991351	0.991946	21.000000	21.000000
0.03	SRR7309278	SRR7309312	0.818939	0.939328	0.937759	0.940897	22.000000	22.000000
0.03	SRR7309279	SRR7309312	0.816498	0.770640	0.765947	0.775334	21.000000	21.000000
0.03	SRR7309281	SRR7309312	0.885069	0.980070	0.979422	0.980718	57.000000	57.500000
0.03	SRR7309282	SRR7309312	0.815078	0.944164	0.942743	0.945586	28.000000	28.000000
0.03	SRR7309283	SRR7309312	0.791972	0.855280	0.852118	0.858443	26.000000	26.000000
0.03	SRR7309284	SRR7309312	0.971370	0.998054	0.997952	0.998156	34.000000	34.000000
0.03	SRR7309285	SRR7309312	0.838131	0.981304	0.980783	0.981825	22.000000	22.000000
0.03	SRR7309286	SRR7309312	0.883323	0.983389	0.982920	0.983858	14.000000	14.000000
0.03	SRR7309287	SRR7309312	0.980177	0.997283	0.997098	0.997469	20.000000	20.000000
0.03	SRR7309288	SRR7309312	0.960995	0.997940	0.997827	0.998053	49.000000	49.000000
0.03	SRR7309289	SRR7309312	0.920191	0.992718	0.992457	0.992980	20.000000	20.000000
0.03	SRR7309290	SRR7309312	0.901010	0.989220	0.988896	0.989543	25.000000	25.000000
0.03	SRR7309291	SRR7309312	0.785838	0.781891	0.777627	0.786155	36.000000	36.000000
0.03	SRR7309292	SRR7309312	0.923285	0.993189	0.992915	0.993464	42.000000	42.000000
0.03	SRR7309293	SRR7309312	0.974695	0.998697	0.998601	0.998793	34.000000	34.000000
0.03	SRR7309295	SRR7309312	0.959501	0.997228	0.997082	0.997375	30.000000	30.000000
0.03	SRR7309296	SRR7309312	0.916667	0.978724	0.977990	0.979458	39.000000	39.000000
0.03	SRR7309297	SRR7309312	0.910774	0.993811	0.993588	0.994034	27.000000	27.000000
0.03	SRR7309298	SRR7309312	0.859859	0.917242	0.915296	0.919188	47.000000	47.000000
0.03	SRR7309299	SRR7309312	0.801715	0.769021	0.764410	0.773632	26.000000	26.000000
0.03	SRR7309300	SRR7309312	0.967529	0.995691	0.995468	0.995915	26.000000	26.000000
0.03	SRR7309301	SRR7309312	0.986658	0.998804	0.998661	0.998948	29.000000	29.000000
0.03	SRR7309302	SRR7309312	0.937542	0.983465	0.982821	0.984108	52.000000	52.000000
0.03	SRR7309303	SRR7309312	0.873285	0.940869	0.939138	0.942599	51.000000	51.000000
0.03	SRR7309304	SRR7309312	0.795170	0.794058	0.789916	0.798200	35.000000	35.000000
0.03	SRR7309305	SRR7309312	0.898990	0.960718	0.959428	0.962007	41.000000	41.000000
0.03	SRR7309306	SRR7309312	0.816088	0.819658	0.815943	0.823374	16.000000	16.000000
0.03	SRR7309307	SRR7309312	0.858744	0.949463	0.947961	0.950965	51.000000	51.000000
0.03	SRR7309308	SRR7309312	0.808302	0.773663	0.768977	0.778348	25.000000	25.000000
0.03	SRR7309309	SRR7309312	0.944181	0.995812	0.995584	0.996040	63.000000	63.000000
0.03	SRR7309311	SRR7309312	0.829114	0.821209	0.817452	0.824965	18.000000	18.000000
0.03	SRR7309272	SRR7309313	0.989846	0.999283	0.999185	0.999381	31.000000	31.250000
0.03	SRR7309273	SRR7309313	0.833944	0.955502	0.954372	0.956631	18.000000	18.000000
0.03	SRR7309274	SRR7309313	0.991056	0.999390	0.999301	0.999480	22.000000	22.000000
0.03	SRR7309275	SRR7309313	0.824064	0.846991	0.843952	0.850029	14.000000	14.000000
0.03	SRR7309276	SRR7309313	0.812237	0.976151	0.975534	0.976769	18.000000	18.000000
0.03	SRR7309277	SRR7309313	0.918361	0.991617	0.991319	0.991914	18.000000	18.000000
0.03	SRR7309278	SRR7309313	0.815394	0.943377	0.941935	0.944820	22.000000	22.000000
0.03	SRR7309279	SRR7309313	0.788447	0.783090	0.778763	0.787417	24.000000	24.000000
0.03	SRR7309281	SRR7309313	0.914078	0.984509	0.983947	0.985072	47.000000	47.000000
0.03	SRR7309282	SRR7309313	0.812090	0.945912	0.944561	0.947263	28.000000	28.000000
0.03	SRR7309283	SRR7309313	0.790604	0.865111	0.862197	0.868024	25.000000	25.000000
0.03	SRR7309284	SRR7309313	0.972801	0.998016	0.997904	0.998129	29.000000	29.000000
0.03	SRR7309285	SRR7309313	0.835659	0.981048	0.980522	0.981574	23.000000	23.000000
0.03	SRR7309286	SRR7309313	0.861816	0.982655	0.982177	0.983133	15.000000	15.000000
0.03	SRR7309287	SRR7309313	0.981040	0.997439	0.997275	0.997604	23.000000	23.000000
0.03	SRR7309288	SRR7309313	0.964941	0.998231	0.998105	0.998357	44.000000	44.000000
0.03	SRR7309289	SRR7309313	0.921380	0.992494	0.992222	0.992766	21.000000	21.000000
0.03	SRR7309290	SRR7309313	0.956061	0.995696	0.995500	0.995892	30.000000	30.000000
0.03	SRR7309291	SRR7309313	0.793939	0.824266	0.820656	0.827876	32.000000	32.000000
0.03	SRR7309292	SRR7309313	0.955650	0.996394	0.996202	0.996585	36.000000	36.000000
0.03	SRR7309293	SRR7309313	0.975936	0.998762	0.998663	0.998861	31.000000	31.000000
0.03	SRR7309295	SRR7309313	0.956787	0.997219	0.997069	0.997369	33.000000	33.000000
0.03	SRR7309296	SRR7309313	0.921717	0.981398	0.980733	0.982063	36.000000	36.000000
0.03	SRR7309297	SRR7309313	0.919003	0.993878	0.993653	0.994102	29.000000	29.000000
0.03	SRR7309298	SRR7309313	0.948758	0.980862	0.980149	0.981575	39.000000	39.000000
0.03	SRR7309299	SRR7309313	0.786984	0.796816	0.792735	0.800896	25.000000	25.000000
0.03	SRR7309300	SRR7309313	0.968634	0.995929	0.995713	0.996145	25.000000	25.000000
0.03	SRR7309301	SRR7309313	0.980987	0.998932	0.998825	0.999039	30.000000	30.000000
0.03	SRR7309302	SRR7309313	0.943866	0.985552	0.984984	0.986120	38.000000	38.000000
0.03	SRR7309303	SRR7309313	0.897864	0.958783	0.957481	0.960086	37.000000	37.000000
0.03	SRR7309304	SRR7309313	0.797664	0.843153	0.839799	0.846508	31.000000	31.000000
0.03	SRR7309305	SRR7309313	0.909943	0.971650	0.970654	0.972646	37.000000	37.000000
0.03	SRR7309306	SRR7309313	0.812142	0.823110	0.819525	0.826696	15.000000	15.000000
0.03	SRR7309307	SRR7309313	0.879672	0.961590	0.960382	0.962798	44.000000	44.000000
0.03	SRR7309308	SRR7309313	0.829577	0.807366	0.803291	0.811441	21.000000	21.000000
0.03	SRR7309309	SRR7309313	0.961195	0.997731	0.997570	0.997891	50.000000	50.500000
0.03	SRR7309311	SRR7309313	0.823674	0.821767	0.818127	0.825407	18.000000	18.000000
0.03	SRR7309312	SRR7309313	0.432839	0.399837	0.392870	0.406803	68.000000	68.000000
0.03	SRR7309272	SRR7309314	0.988847	0.998882	0.998740	0.999024	39.000000	39.750000
0.03	SRR7309273	SRR7309314	0.781376	0.940509	0.939097	0.941920	19.000000	19.000000
0.03	SRR7309274	SRR7309314	0.991277	0.999029	0.998899	0.999159	25.000000	25.000000
0.03	SRR7309275	SRR7309314	0.776010	0.800477	0.796862	0.804092	13.000000	13.000000
0.03	SRR7309276	SRR7309314	0.815246	0.970192	0.969447	0.970936	16.000000	16.000000
0.03	SRR7309277	SRR7309314	0.931818	0.990018	0.989654	0.990383	21.000000	21.000000
0.03	SRR7309278	SRR7309314	0.821696	0.923395	0.921523	0.925267	24.000000	24.000000
0.03	SRR7309279	SRR7309314	0.768466	0.701013	0.695546	0.706480	21.000000	21.000000
0.03	SRR7309281	SRR7309314	0.891919	0.974123	0.973288	0.974957	61.000000	61.000000
0.03	SRR7309282	SRR7309314	0.807449	0.930017	0.928323	0.931710	26.000000	26.000000
0.03	SRR7309283	SRR7309314	0.731797	0.798984	0.795142	0.802827	23.000000	23.000000
0.03	SRR7309284	SRR7309314	0.972685	0.997188	0.997046	0.997330	32.000000	32.000000
0.03	SRR7309285	SRR7309314	0.845802	0.975374	0.974728	0.976021	21.000000	21.000000
0.03	SRR7309286	SRR7309314	0.870202	0.978301	0.977727	0.978874	13.000000	13.000000
0.03	SRR7309287	SRR7309314	0.980114	0.996492	0.996276	0.996708	24.000000	24.000000
0.03	SRR7309288	SRR7309314	0.965941	0.996937	0.996770	0.997105	48.000000	48.000000
0.03	SRR7309289	SRR7309314	0.926284	0.990734	0.990405	0.991064	21.000000	21.000000
0.03	SRR7309290	SRR7309314	0.947612	0.993427	0.993168	0.993687	29.000000	30.000000
0.03	SRR7309291	SRR7309314	0.733386	0.732695	0.727878	0.737512	37.000000	37.000000
0.03	SRR7309292	SRR7309314	0.923064	0.985208	0.984727	0.985689	39.000000	39.000000
0.03	SRR7309293	SRR7309314	0.978125	0.998402	0.998277	0.998528	35.000000	35.000000
0.03	SRR7309295	SRR7309314	0.959049	0.996477	0.996288	0.996665	33.000000	33.000000
0.03	SRR7309296	SRR7309314	0.925389	0.972233	0.971320	0.973147	38.000000	38.000000
0.03	SRR7309297	SRR7309314	0.929146	0.992212	0.991928	0.992496	31.000000	31.000000
0.03	SRR7309298	SRR7309314	0.871128	0.891823	0.889160	0.894487	47.000000	47.000000
0.03	SRR7309299	SRR7309314	0.774053	0.705600	0.700349	0.710851	23.000000	23.000000
0.03	SRR7309300	SRR7309314	0.971412	0.994430	0.994149	0.994710	22.000000	22.000000
0.03	SRR7309301	SRR7309314	0.975452	0.997827	0.997666	0.997988	35.000000	35.000000
0.03	SRR7309302	SRR7309314	0.955492	0.985029	0.984337	0.985720	56.000000	56.000000
0.03	SRR7309303	SRR7309314	0.894455	0.934925	0.932929	0.936921	46.000000	46.000000
0.03	SRR7309304	SRR7309314	0.762058	0.751340	0.746632	0.756048	32.000000	32.000000
0.03	SRR7309305	SRR7309314	0.903893	0.954185	0.952683	0.955686	48.000000	48.166668
0.03	SRR7309306	SRR7309314	0.783670	0.762764	0.758374	0.767154	17.000000	17.000000
0.03	SRR7309307	SRR7309314	0.855040	0.930188	0.928305	0.932072	41.000000	41.000000
0.03	SRR7309308	SRR7309314	0.683880	0.654832	0.649017	0.660646	26.000000	26.000000
0.03	SRR7309309	SRR7309314	0.949958	0.992525	0.992190	0.992860	73.000000	73.666672
0.03	SRR7309311	SRR7309314	0.769497	0.754473	0.749954	0.758993	14.000000	14.000000
0.03	SRR7309312	SRR7309314	0.683544	0.786772	0.782751	0.790794	61.000000	61.000000
0.03	SRR7309313	SRR7309314	0.746454	0.855190	0.852133	0.858247	45.000000	45.000000
0.03	SRR7309272	SRR7309316	0.991319	0.998107	0.997888	0.998326	13.000000	13.000000
0.03	SRR7309273	SRR7309316	0.774400	0.848027	0.845306	0.850749	13.000000	13.000000
0.03	SRR7309274	SRR7309316	0.992950	0.998070	0.997861	0.998279	11.000000	11.000000
0.03	SRR7309275	SRR7309316	0.151484	0.015799	0.015105	0.016493	11.000000	11.000000
0.03	SRR7309276	SRR7309316	0.812321	0.908853	0.907022	0.910685	11.000000	11.000000
0.03	SRR7309277	SRR7309316	0.927083	0.975583	0.974706	0.976460	12.000000	12.000000
0.03	SRR7309278	SRR7309316	0.813121	0.871540	0.868957	0.874123	13.000000	13.000000
0.03	SRR7309279	SRR7309316	0.451694	0.303415	0.297982	0.308849	13.000000	13.000000
0.03	SRR7309281	SRR7309316	0.928946	0.964136	0.962925	0.965346	15.000000	15.000000
0.03	SRR7309282	SRR7309316	0.766435	0.840744	0.837872	0.843615	12.000000	12.000000
0.03	SRR7309283	SRR7309316	0.626263	0.628180	0.623285	0.633074	14.000000	14.000000
0.03	SRR7309284	SRR7309316	0.978514	0.992083	0.991658	0.992508	13.000000	13.000000
0.03	SRR7309285	SRR7309316	0.838247	0.930316	0.928758	0.931874	14.000000	14.000000
0.03	SRR7309286	SRR7309316	0.870718	0.926063	0.924509	0.927618	9.000000	9.000000
0.03	SRR7309287	SRR7309316	0.983407	0.991620	0.991127	0.992113	9.000000	9.000000
0.03	SRR7309288	SRR7309316	0.979703	0.994904	0.994543	0.995266	13.000000	13.000000
0.03	SRR7309289	SRR7309316	0.926684	0.973486	0.972609	0.974363	13.000000	13.000000
0.03	SRR7309290	SRR7309316	0.967508	0.984742	0.984090	0.985394	13.000000	13.000000
0.03	SRR7309291	SRR7309316	0.705040	0.722500	0.718236	0.726764	16.000000	16.000000
0.03	SRR7309292	SRR7309316	0.967656	0.991132	0.990621	0.991643	14.000000	14.000000
0.03	SRR7309293	SRR7309316	0.981082	0.996140	0.995842	0.996438	14.000000	14.000000
0.03	SRR7309295	SRR7309316	0.966120	0.991274	0.990797	0.991750	14.000000	14.000000
0.03	SRR7309296	SRR7309316	0.938931	0.959745	0.958422	0.961067	12.000000	12.000000
0.03	SRR7309297	SRR7309316	0.927115	0.980138	0.979396	0.980880	13.000000	13.000000
0.03	SRR7309298	SRR7309316	0.972001	0.986528	0.985761	0.987295	12.000000	12.000000
0.03	SRR7309299	SRR7309316	0.614815	0.583926	0.578709	0.589143	12.000000	12.000000
0.03	SRR7309300	SRR7309316	0.974811	0.988007	0.987391	0.988622	13.000000	13.000000
0.03	SRR7309301	SRR7309316	0.979503	0.996719	0.996451	0.996988	15.000000	15.000000
0.03	SRR7309302	SRR7309316	0.965141	0.984345	0.983536	0.985154	14.000000	14.000000
0.03	SRR7309303	SRR7309316	0.920654	0.959763	0.958360	0.961167	12.000000	12.000000
0.03	SRR7309304	SRR7309316	0.748011	0.776430	0.772674	0.780187	13.000000	13.000000
0.03	SRR7309305	SRR7309316	0.916519	0.963804	0.962498	0.965110	13.000000	13.000000
0.03	SRR7309306	SRR7309316	0.271833	0.079372	0.076536	0.082208	13.000000	13.000000
0.03	SRR7309307	SRR7309316	0.896875	0.945426	0.943791	0.947062	14.000000	14.000000
0.03	SRR7309308	SRR7309316	0.617708	0.541014	0.535620	0.546409	13.000000	13.000000
0.03	SRR7309309	SRR7309316	0.983396	0.995910	0.995546	0.996273	12.000000	12.000000
0.03	SRR7309311	SRR7309316	0.317624	0.095958	0.092858	0.099058	10.000000	10.000000
0.03	SRR7309312	SRR7309316	0.842551	0.858443	0.855544	0.861342	13.000000	13.000000
0.03	SRR7309313	SRR7309316	0.822822	0.852976	0.850066	0.855887	14.000000	14.000000
0.03	SRR7309314	SRR7309316	0.780913	0.808270	0.804820	0.811719	13.000000	13.000000
0.03	SRR7309272	SRR7309318	0.984754	0.999436	0.999325	0.999547	53.000000	55.500000
0.03	SRR7309273	SRR7309318	0.923990	0.984492	0.983944	0.985040	22.000000	22.000000
0.03	SRR7309274	SRR7309318	0.989741	0.999534	0.999430	0.999637	32.000000	33.000000
0.03	SRR7309275	SRR7309318	0.932597	0.951968	0.950418	0.953517	14.000000	14.000000
0.03	SRR7309276	SRR7309318	0.921686	0.991752	0.991465	0.992039	20.000000	20.000000
0.03	SRR7309277	SRR7309318	0.938668	0.996961	0.996838	0.997083	25.000000	25.000000
0.03	SRR7309278	SRR7309318	0.919329	0.980247	0.979578	0.980917	26.000000	26.000000
0.03	SRR7309279	SRR7309318	0.915888	0.933164	0.931070	0.935258	27.000000	27.000000
0.03	SRR7309281	SRR7309318	0.899621	0.989608	0.989215	0.990001	68.000000	72.000000
0.03	SRR7309282	SRR7309318	0.918476	0.981210	0.980571	0.981850	30.000000	30.000000
0.03	SRR7309283	SRR7309318	0.888899	0.951874	0.950414	0.953334	28.000000	28.000000
0.03	SRR7309284	SRR7309318	0.968171	0.999101	0.999048	0.999153	40.000000	41.000000
0.03	SRR7309285	SRR7309318	0.917445	0.992769	0.992516	0.993022	28.000000	28.000000
0.03	SRR7309286	SRR7309318	0.948043	0.992337	0.991984	0.992690	17.000000	17.000000
0.03	SRR7309287	SRR7309318	0.976326	0.998757	0.998635	0.998879	32.000000	33.000000
0.03	SRR7309288	SRR7309318	0.957355	0.998270	0.998161	0.998379	67.000000	70.000000
0.03	SRR7309289	SRR7309318	0.931618	0.997320	0.997195	0.997445	29.000000	30.000000
0.03	SRR7309290	SRR7309318	0.898264	0.987589	0.987213	0.987966	35.000000	37.000000
0.03	SRR7309291	SRR7309318	0.885175	0.936512	0.934700	0.938325	39.000000	39.000000
0.03	SRR7309292	SRR7309318	0.919076	0.991387	0.991069	0.991704	53.000000	53.000000
0.03	SRR7309293	SRR7309318	0.973411	0.999329	0.999261	0.999398	39.000000	40.000000
0.03	SRR7309295	SRR7309318	0.957628	0.998809	0.998727	0.998892	40.000000	40.000000
0.03	SRR7309296	SRR7309318	0.918603	0.990784	0.990424	0.991145	44.000000	45.000000
0.03	SRR7309297	SRR7309318	0.927767	0.997347	0.997235	0.997460	40.000000	40.000000
0.03	SRR7309298	SRR7309318	0.801589	0.889669	0.887203	0.892134	75.000000	75.000000
0.03	SRR7309299	SRR7309318	0.888731	0.928281	0.926187	0.930376	31.000000	31.000000
0.03	SRR7309300	SRR7309318	0.966298	0.997958	0.997823	0.998092	34.000000	34.000000
0.03	SRR7309301	SRR7309318	0.983144	0.999185	0.999069	0.999302	49.000000	49.000000
0.03	SRR7309302	SRR7309318	0.948369	0.993208	0.992908	0.993508	62.000000	63.000000
0.03	SRR7309303	SRR7309318	0.904177	0.976430	0.975637	0.977223	66.000000	67.000000
0.03	SRR7309304	SRR7309318	0.902325	0.942910	0.941237	0.944584	43.000000	43.000000
0.03	SRR7309305	SRR7309318	0.926578	0.987513	0.987037	0.987990	49.000000	50.000000
0.03	SRR7309306	SRR7309318	0.900747	0.938584	0.936749	0.940419	17.000000	17.000000
0.03	SRR7309307	SRR7309318	0.893855	0.980721	0.980086	0.981355	52.000000	53.000000
0.03	SRR7309308	SRR7309318	0.877694	0.925124	0.922984	0.927264	29.000000	32.000000
0.03	SRR7309309	SRR7309318	0.935901	0.995471	0.995240	0.995702	98.000000	103.166664
0.03	SRR7309311	SRR7309318	0.923348	0.944314	0.942500	0.946127	17.000000	17.000000
0.03	SRR7309312	SRR7309318	0.519718	0.464126	0.456813	0.471439	91.000000	92.000000
0.03	SRR7309313	SRR7309318	0.543329	0.413458	0.407558	0.419359	61.000000	62.000000
0.03	SRR7309314	SRR7309318	0.761879	0.872797	0.870056	0.875539	78.000000	79.000000
0.03	SRR7309316	SRR7309318	0.921633	0.953259	0.951763	0.954756	15.000000	15.000000
0.03	SRR7309272	SRR7309319	0.988447	0.999322	0.999203	0.999441	38.000000	38.333332
0.03	SRR7309273	SRR7309319	0.904630	0.980401	0.979795	0.981008	21.000000	21.000000
0.03	SRR7309274	SRR7309319	0.989162	0.999438	0.999327	0.999549	29.000000	29.000000
0.03	SRR7309275	SRR7309319	0.871096	0.942538	0.940877	0.944199	15.000000	15.000000
0.03	SRR7309276	SRR7309319	0.869465	0.987985	0.987650	0.988321	21.000000	21.000000
0.03	SRR7309277	SRR7309319	0.907144	0.993758	0.993571	0.993946	30.000000	30.500000
0.03	SRR7309278	SRR7309319	0.841593	0.967418	0.966572	0.968264	27.000000	27.000000
0.03	SRR7309279	SRR7309319	0.805524	0.898880	0.896394	0.901366	27.000000	27.000000
0.03	SRR7309281	SRR7309319	0.896770	0.990383	0.990071	0.990694	55.000000	56.500000
0.03	SRR7309282	SRR7309319	0.826431	0.970246	0.969463	0.971029	33.000000	33.000000
0.03	SRR7309283	SRR7309319	0.842035	0.943781	0.942206	0.945356	32.000000	32.000000
0.03	SRR7309284	SRR7309319	0.970023	0.999056	0.998997	0.999115	39.000000	40.000000
0.03	SRR7309285	SRR7309319	0.872317	0.989971	0.989680	0.990263	32.000000	32.000000
0.03	SRR7309286	SRR7309319	0.941277	0.993489	0.993253	0.993725	17.000000	17.000000
0.03	SRR7309287	SRR7309319	0.977662	0.998591	0.998462	0.998719	31.000000	31.000000
0.03	SRR7309288	SRR7309319	0.942708	0.998225	0.998129	0.998320	61.000000	61.166668
0.03	SRR7309289	SRR7309319	0.917424	0.995828	0.995676	0.995981	27.000000	27.000000
0.03	SRR7309290	SRR7309319	0.932565	0.996014	0.995873	0.996154	32.000000	32.000000
0.03	SRR7309291	SRR7309319	0.792593	0.870985	0.868298	0.873671	42.000000	42.000000
0.03	SRR7309292	SRR7309319	0.948138	0.996076	0.995884	0.996269	50.000000	50.500000
0.03	SRR7309293	SRR7309319	0.972001	0.997100	0.996808	0.997392	40.000000	40.500000
0.03	SRR7309295	SRR7309319	0.955471	0.996019	0.995704	0.996334	44.000000	44.500000
0.03	SRR7309296	SRR7309319	0.916846	0.989365	0.988984	0.989746	41.000000	41.000000
0.03	SRR7309297	SRR7309319	0.899221	0.995038	0.994890	0.995186	41.000000	41.000000
0.03	SRR7309298	SRR7309319	0.902767	0.968075	0.967176	0.968975	48.000000	48.000000
0.03	SRR7309299	SRR7309319	0.796128	0.893972	0.891496	0.896448	34.000000	34.000000
0.03	SRR7309300	SRR7309319	0.963857	0.997402	0.997257	0.997547	38.000000	38.000000
0.03	SRR7309301	SRR7309319	0.981944	0.999171	0.999051	0.999292	42.000000	42.500000
0.03	SRR7309302	SRR7309319	0.927809	0.984760	0.984236	0.985284	42.000000	42.000000
0.03	SRR7309303	SRR7309319	0.860859	0.960583	0.959506	0.961659	47.000000	47.000000
0.03	SRR7309304	SRR7309319	0.792645	0.858831	0.855914	0.861749	46.000000	46.000000
0.03	SRR7309305	SRR7309319	0.896149	0.975722	0.975006	0.976438	40.000000	40.000000
0.03	SRR7309306	SRR7309319	0.841056	0.931285	0.929338	0.933232	20.000000	20.000000
0.03	SRR7309307	SRR7309319	0.860248	0.969888	0.969053	0.970724	52.000000	52.500000
0.03	SRR7309308	SRR7309319	0.899979	0.926137	0.923941	0.928333	27.000000	27.000000
0.03	SRR7309309	SRR7309319	0.956071	0.997676	0.997517	0.997836	65.000000	65.833336
0.03	SRR7309311	SRR7309319	0.895107	0.935331	0.933387	0.937275	20.000000	20.000000
0.03	SRR7309312	SRR7309319	0.544939	0.565465	0.559330	0.571599	75.000000	75.000000
0.03	SRR7309313	SRR7309319	0.412700	0.302850	0.295629	0.310071	62.000000	62.000000
0.03	SRR7309314	SRR7309319	0.848674	0.923513	0.921636	0.925391	45.000000	45.000000
0.03	SRR7309316	SRR7309319	0.870076	0.943937	0.942332	0.945543	15.000000	15.000000
0.03	SRR7309318	SRR7309319	0.607713	0.618996	0.613128	0.624864	96.000000	98.000000
0.03	SRR7309272	SRR7309320	0.979240	0.989310	0.988602	0.990018	57.000000	59.500000
0.03	SRR7309273	SRR7309320	0.913563	0.976230	0.975272	0.977188	27.000000	27.000000
0.03	SRR7309274	SRR7309320	0.979945	0.990020	0.989356	0.990684	37.000000	37.000000
0.03	SRR7309275	SRR7309320	0.921317	0.969410	0.968211	0.970609	13.000000	13.000000
0.03	SRR7309276	SRR7309320	0.916046	0.993361	0.993132	0.993590	21.000000	21.000000
0.03	SRR7309277	SRR7309320	0.924537	0.996730	0.996609	0.996852	28.000000	28.000000
0.03	SRR7309278	SRR7309320	0.917330	0.981539	0.980927	0.982152	32.000000	32.000000
0.03	SRR7309279	SRR7309320	0.902104	0.944367	0.942531	0.946203	24.000000	24.000000
0.03	SRR7309281	SRR7309320	0.888500	0.991599	0.991315	0.991884	100.000000	101.333336
0.03	SRR7309282	SRR7309320	0.911711	0.983538	0.982986	0.984090	45.000000	45.500000
0.03	SRR7309283	SRR7309320	0.854040	0.951550	0.950152	0.952948	35.000000	35.000000
0.03	SRR7309284	SRR7309320	0.961806	0.998996	0.998933	0.999059	46.000000	47.500000
0.03	SRR7309285	SRR7309320	0.909649	0.993196	0.992962	0.993431	31.000000	31.000000
0.03	SRR7309286	SRR7309320	0.963300	0.996101	0.995934	0.996268	17.000000	17.000000
0.03	SRR7309287	SRR7309320	0.970191	0.989481	0.988818	0.990143	31.000000	31.000000
0.03	SRR7309288	SRR7309320	0.942498	0.997599	0.997463	0.997734	93.000000	94.285713
0.03	SRR7309289	SRR7309320	0.937868	0.997660	0.997551	0.997769	24.000000	24.000000
0.03	SRR7309290	SRR7309320	0.896907	0.992706	0.992466	0.992946	41.000000	41.000000
0.03	SRR7309291	SRR7309320	0.869634	0.917131	0.915014	0.919248	54.000000	54.000000
0.03	SRR7309292	SRR7309320	0.907649	0.972409	0.971410	0.973407	65.000000	65.000000
0.03	SRR7309293	SRR7309320	0.964625	0.997873	0.997749	0.997997	62.000000	63.000000
0.03	SRR7309295	SRR7309320	0.939468	0.996404	0.996229	0.996579	50.000000	51.000000
0.03	SRR7309296	SRR7309320	0.922338	0.979185	0.978311	0.980059	63.000000	63.500000
0.03	SRR7309297	SRR7309320	0.915278	0.996841	0.996719	0.996962	50.000000	50.500000
0.03	SRR7309298	SRR7309320	0.789689	0.808193	0.804296	0.812090	74.000000	74.000000
0.03	SRR7309299	SRR7309320	0.889468	0.934813	0.932858	0.936768	40.000000	40.500000
0.03	SRR7309300	SRR7309320	0.958681	0.990459	0.989915	0.991002	39.000000	39.000000
0.03	SRR7309301	SRR7309320	0.964931	0.988150	0.987434	0.988866	45.000000	45.500000
0.03	SRR7309302	SRR7309320	0.937058	0.988488	0.988018	0.988958	70.000000	70.333336
0.03	SRR7309303	SRR7309320	0.894434	0.957073	0.955655	0.958492	72.000000	73.500000
0.03	SRR7309304	SRR7309320	0.894865	0.920615	0.918463	0.922768	55.000000	55.000000
0.03	SRR7309305	SRR7309320	0.906187	0.979658	0.978941	0.980375	75.000000	75.500000
0.03	SRR7309306	SRR7309320	0.887279	0.959587	0.958144	0.961030	19.000000	19.000000
0.03	SRR7309307	SRR7309320	0.854661	0.965878	0.964906	0.966850	83.000000	83.250000
0.03	SRR7309308	SRR7309320	0.844760	0.916815	0.914536	0.919094	35.000000	35.000000
0.03	SRR7309309	SRR7309320	0.924169	0.980279	0.979351	0.981207	134.000000	135.250000
0.03	SRR7309311	SRR7309320	0.872843	0.959054	0.957580	0.960527	22.000000	22.000000
0.03	SRR7309312	SRR7309320	0.650768	0.709184	0.704210	0.714159	99.000000	99.000000
0.03	SRR7309313	SRR7309320	0.763615	0.775866	0.771489	0.780244	66.000000	66.000000
0.03	SRR7309314	SRR7309320	0.659512	0.735938	0.731096	0.740780	90.000000	90.000000
0.03	SRR7309316	SRR7309320	0.895149	0.968114	0.966947	0.969282	14.000000	14.000000
0.03	SRR7309318	SRR7309320	0.583176	0.545368	0.538338	0.552399	148.000000	151.500000
0.03	SRR7309319	SRR7309320	0.733049	0.815773	0.812113	0.819434	99.000000	100.166664
